player_id,n_transfers,first_transfer,last_transfer,avg_success_score,avg_fee_eur_m,position_group,in_scouting_pool
346567,13,2018-07-01,2023-08-17,0.2933846153846154,1753846.1538461538,DEF,True
303657,13,2018-06-30,2023-07-27,0.24246153846153848,1423076.923076923,GK,True
199369,12,2018-01-30,2023-07-01,0.2015,83333.33333333333,ATT,True
315865,11,2018-08-17,2023-07-01,0.3715454545454545,5500000.0,ATT,True
298975,10,2018-01-31,2023-08-28,0.3465,3100000.0,DEF,True
336960,10,2019-01-19,2023-07-31,0.28819999999999996,575000.0,DEF,True
199258,10,2018-07-19,2023-08-30,0.30069999999999997,3830000.0,ATT,True
357992,10,2019-06-30,2023-07-01,0.3624,770000.0,MID,True
432092,10,2020-07-01,2023-08-31,0.2955,0.0,ATT,True
537382,10,2019-01-01,2023-06-30,0.2237,2500000.0,ATT,True
186368,10,2018-07-01,2023-08-23,0.2785,3630000.0,MID,True
146752,10,2020-01-31,2023-07-01,0.28700000000000003,1300000.0,ATT,True
179184,9,2018-01-31,2022-06-30,0.14400000000000002,0.0,ATT,True
238407,9,2018-01-31,2023-07-25,0.38433333333333336,5111111.111111111,ATT,True
392771,9,2019-07-22,2023-07-19,0.336,900000.0,MID,True
398163,9,2018-07-09,2023-08-04,0.29666666666666663,1200000.0,MID,True
262939,9,2018-06-30,2023-07-26,0.37566666666666665,1300000.0,DEF,True
298976,9,2018-08-31,2022-08-01,0.39644444444444443,1111111.111111111,ATT,True
282388,9,2019-08-30,2023-07-01,0.3214444444444444,3944444.4444444445,ATT,True
348795,9,2018-08-31,2023-06-30,0.2763333333333333,6000000.0,MID,True
130360,8,2018-07-01,2023-06-30,0.21375,5812500.0,MID,True
251876,8,2018-07-01,2022-07-01,0.379625,1500000.0,DEF,True
310458,8,2018-07-27,2022-06-30,0.252375,1125000.0,DEF,True
308279,8,2018-06-30,2022-07-04,0.325,5400000.0,MID,True
278531,8,2018-06-30,2023-07-01,0.42475,312500.0,DEF,True
335225,8,2019-01-01,2023-07-01,0.2585,812500.0,MID,True
406040,8,2018-01-31,2022-08-04,0.377,4262500.0,ATT,True
241527,8,2018-06-30,2023-08-10,0.27275,625000.0,ATT,True
46413,8,2018-06-30,2021-07-01,0.395875,1487500.0,ATT,True
618809,8,2020-07-01,2023-07-03,0.371125,0.0,DEF,True
431755,8,2019-07-18,2023-07-01,0.464125,8625000.0,MID,True
354352,8,2019-01-31,2023-01-17,0.368625,625000.0,DEF,True
334222,8,2018-01-31,2023-08-30,0.36425,1467500.0,ATT,True
284884,7,2018-08-13,2023-09-01,0.28528571428571425,1928571.4285714286,MID,True
459658,7,2018-06-30,2023-06-30,0.44114285714285717,2214285.714285714,DEF,True
178313,7,2018-07-24,2022-07-01,0.2845714285714286,2428571.4285714286,MID,True
450936,7,2018-06-30,2023-06-30,0.308,10000000.0,MID,True
197473,7,2018-08-14,2023-07-01,0.341,1207142.857142857,MID,True
361260,7,2019-01-17,2022-07-23,0.3068571428571429,4714285.714285715,DEF,True
337715,7,2018-01-26,2022-09-01,0.23257142857142857,4142857.1428571427,ATT,True
341317,7,2019-06-30,2023-06-30,0.18485714285714286,928571.4285714285,ATT,True
238537,7,2018-01-12,2023-07-27,0.3782857142857142,571428.5714285715,GK,True
285845,7,2021-02-01,2023-08-07,0.2334285714285714,0.0,DEF,True
330659,7,2018-07-01,2023-07-01,0.3524285714285714,4007142.8571428573,MID,True
236490,7,2018-05-31,2023-07-22,0.43028571428571427,1400000.0,DEF,True
251896,7,2019-07-27,2023-07-15,0.19271428571428575,0.0,DEF,True
568559,7,2021-08-31,2023-07-01,0.3802857142857143,1385714.2857142857,DEF,True
387234,7,2019-01-28,2023-07-01,0.1787142857142857,1125714.2857142857,MID,True
216179,7,2019-07-02,2023-06-30,0.20057142857142857,3571428.5714285714,MID,True
377042,7,2019-07-13,2023-08-16,0.35000000000000003,142857.14285714287,MID,True
265078,7,2019-07-30,2022-06-30,0.12385714285714286,2571428.5714285714,ATT,True
256429,7,2018-07-01,2023-07-01,0.32071428571428573,571428.5714285715,ATT,True
170472,7,2018-06-30,2021-08-30,0.3972857142857143,642857.1428571428,DEF,True
316264,7,2018-06-30,2021-08-20,0.4311428571428571,5000000.0,MID,True
315867,7,2018-06-30,2023-08-07,0.3788571428571429,9514285.714285715,ATT,True
355915,7,2018-07-01,2022-08-30,0.49485714285714283,10721428.57142857,DEF,True
525704,7,2020-09-01,2023-08-16,0.43171428571428566,3714285.714285714,MID,True
569384,7,2019-07-05,2023-06-30,0.2965714285714286,642857.1428571428,MID,True
413843,6,2018-07-01,2023-08-22,0.5998333333333333,0.0,DEF,True
578539,6,2020-07-01,2022-07-27,0.33416666666666667,2000000.0,DEF,True
284857,6,2018-08-31,2022-08-05,0.5718333333333333,16183333.333333334,DEF,True
459763,6,2019-07-01,2023-06-30,0.41583333333333333,0.0,GK,True
286047,6,2019-07-17,2023-07-01,0.5681666666666667,4833333.333333333,GK,True
257814,6,2019-01-03,2021-07-01,0.42283333333333334,3700000.0,GK,True
354361,6,2018-08-09,2022-07-01,0.49300000000000005,6808333.333333333,MID,True
165007,6,2019-01-31,2023-07-01,0.2165,2150000.0,MID,True
556385,6,2021-07-15,2023-06-30,0.6133333333333334,3866666.6666666665,DEF,True
165873,6,2018-08-14,2020-09-01,0.3526666666666667,283333.3333333333,DEF,True
353032,6,2020-10-05,2023-07-01,0.3798333333333333,1333333.3333333333,DEF,True
284854,6,2018-12-04,2021-07-10,0.276,833333.3333333334,MID,True
282144,6,2020-01-15,2023-07-01,0.4005,1766666.6666666667,DEF,True
165895,6,2018-07-01,2021-07-01,0.32316666666666666,7200000.0,ATT,True
346561,6,2018-07-01,2022-06-30,0.2821666666666667,0.0,DEF,True
640109,6,2021-07-01,2023-07-14,0.33916666666666667,0.0,ATT,True
280730,6,2018-07-05,2023-09-01,0.21833333333333335,5833333.333333333,DEF,True
127108,6,2020-09-11,2023-07-28,0.45716666666666667,416666.6666666667,DEF,True
555076,6,2020-07-01,2023-07-14,0.38716666666666666,5066666.666666667,MID,True
251878,6,2018-08-06,2023-07-03,0.4076666666666667,1333333.3333333333,DEF,True
364135,6,2018-06-30,2023-07-01,0.2816666666666667,9583333.333333334,ATT,True
415912,6,2018-01-04,2023-08-22,0.45533333333333337,4216666.666666667,DEF,True
193900,6,2018-06-30,2021-06-30,0.26466666666666666,916666.6666666666,DEF,True
324377,6,2021-01-20,2023-08-31,0.353,966666.6666666666,MID,True
617074,6,2021-07-01,2023-06-30,0.17316666666666666,2766666.6666666665,MID,True
241229,6,2018-06-30,2023-08-31,0.24150000000000002,1666666.6666666667,DEF,True
391065,6,2019-07-12,2023-07-01,0.2643333333333333,6936666.666666667,ATT,True
495621,6,2022-07-01,2023-07-25,0.44883333333333336,666666.6666666666,MID,True
235931,6,2018-08-17,2021-01-29,0.3183333333333333,0.0,MID,True
392966,6,2019-07-01,2023-06-30,0.33966666666666673,0.0,DEF,True
389837,6,2018-01-29,2022-07-08,0.4095,1333333.3333333333,DEF,True
226025,6,2018-07-06,2023-07-01,0.254,0.0,MID,True
335457,6,2018-07-01,2022-07-08,0.3646666666666667,1000000.0,ATT,True
332179,6,2018-06-30,2023-07-01,0.4775,2000000.0,MID,True
517894,6,2018-07-01,2023-07-01,0.5246666666666667,19666666.666666668,ATT,True
73794,6,2018-06-30,2023-09-01,0.44049999999999995,5083333.333333333,ATT,True
443222,5,2018-07-19,2022-07-07,0.309,550000.0,ATT,True
573775,5,2020-08-01,2022-07-01,0.3254,800000.0,ATT,True
505674,5,2021-07-01,2023-08-17,0.36260000000000003,1000000.0,ATT,True
435648,5,2020-07-01,2022-08-30,0.2982,5500000.0,ATT,True
345590,5,2018-07-01,2022-06-30,0.2464,1164000.0,MID,True
445939,5,2020-07-01,2023-07-01,0.5108,0.0,ATT,True
282421,5,2018-07-12,2023-07-01,0.31720000000000004,0.0,MID,True
345458,5,2019-01-15,2023-07-01,0.4391999999999999,1600000.0,DEF,True
198008,5,2018-08-11,2023-08-02,0.5052000000000001,5200000.0,ATT,True
405398,5,2019-08-22,2022-07-19,0.37320000000000003,1300000.0,ATT,True
122797,5,2018-07-24,2023-07-01,0.39059999999999995,1900000.0,ATT,True
284270,5,2019-07-01,2023-06-30,0.3608,0.0,GK,True
181768,5,2019-07-12,2023-06-30,0.31980000000000003,1294000.0,MID,True
127181,5,2019-07-15,2023-01-26,0.4194,3100000.0,GK,True
241923,5,2018-07-13,2022-07-01,0.4718,420000.0,GK,True
173859,5,2019-08-21,2021-08-24,0.2954,1800000.0,MID,True
128223,5,2019-01-28,2022-06-30,0.3172,7000000.0,ATT,True
378293,5,2019-01-16,2023-07-14,0.4742,1000000.0,MID,True
355861,5,2019-08-01,2023-07-23,0.2948,7992000.0,ATT,True
420002,5,2018-06-30,2022-01-31,0.43979999999999997,3800000.0,ATT,True
420808,5,2019-07-05,2023-05-31,0.2912,0.0,ATT,True
332697,5,2020-09-01,2023-06-30,0.3728,4380000.0,MID,True
265088,5,2018-08-13,2023-07-01,0.5264,10080000.0,MID,True
495666,5,2019-07-25,2022-06-30,0.433,6000000.0,DEF,True
226973,5,2018-05-31,2020-08-30,0.3978,1300000.0,MID,True
380350,5,2019-07-01,2023-07-26,0.5206000000000001,5430000.0,DEF,True
433584,5,2018-07-01,2022-06-30,0.2522,0.0,MID,True
134294,5,2018-08-09,2023-01-20,0.4154,13300000.0,ATT,True
256339,5,2018-06-30,2023-08-10,0.4264,4000000.0,GK,True
207877,5,2019-07-16,2023-08-19,0.29219999999999996,4720000.0,MID,True
538918,5,2021-01-14,2023-06-30,0.217,0.0,ATT,True
130394,5,2018-08-17,2022-07-25,0.2822,3320000.0,ATT,True
55735,5,2018-01-22,2022-07-01,0.3358,6800000.0,MID,True
238752,5,2018-08-13,2021-08-31,0.18919999999999998,0.0,ATT,True
121477,5,2019-07-01,2023-01-22,0.404,2410000.0,DEF,True
198116,5,2018-07-05,2021-06-30,0.45339999999999997,1000000.0,DEF,True
364133,5,2018-01-27,2022-07-01,0.2246,5020000.0,ATT,True
244192,5,2018-07-01,2023-01-25,0.3364,880000.0,GK,True
460245,5,2021-08-30,2023-07-01,0.388,2300000.0,DEF,True
461617,5,2020-07-01,2023-06-30,0.4184,0.0,ATT,True
293281,5,2018-01-23,2023-07-27,0.3768,1800000.0,ATT,True
550106,5,2021-07-01,2023-08-16,0.34140000000000004,2500000.0,ATT,True
99353,5,2019-07-01,2023-09-01,0.3926,3000000.0,ATT,True
296397,5,2020-10-05,2022-07-01,0.2752,1000000.0,MID,True
293200,5,2019-06-30,2023-08-08,0.34340000000000004,8120000.0,MID,True
459463,5,2019-06-30,2021-06-30,0.2842,0.0,ATT,True
96341,5,2019-08-08,2023-08-30,0.4516,37400000.0,ATT,True
287920,5,2019-07-01,2023-08-31,0.4568,20000.0,ATT,True
287579,5,2019-08-22,2020-08-31,0.5018,4630000.0,MID,True
184894,5,2020-01-31,2021-06-30,0.2152,3000000.0,MID,True
286415,5,2018-07-04,2022-07-01,0.5664,7100000.0,GK,True
605184,5,2019-01-31,2021-06-30,0.23500000000000001,200000.0,DEF,True
242940,5,2018-07-15,2022-01-12,0.23159999999999997,220000.0,DEF,True
192638,5,2019-06-30,2021-07-01,0.292,460000.0,MID,True
404839,5,2018-07-01,2020-07-21,0.15560000000000002,1700000.0,GK,True
470794,5,2020-09-08,2023-07-01,0.5147999999999999,4800000.0,MID,True
242086,5,2018-06-30,2020-09-08,0.367,13700000.0,ATT,True
240897,5,2018-07-01,2021-06-30,0.25620000000000004,40000.0,DEF,True
165793,4,2020-01-01,2022-07-01,0.21825,5875000.0,ATT,True
388198,4,2019-07-01,2022-07-01,0.56325,5000000.0,DEF,True
167491,4,2018-07-01,2022-06-30,0.23275,125000.0,DEF,True
708678,4,2022-07-01,2023-09-01,0.38575,3375000.0,DEF,True
260827,4,2019-07-12,2021-07-28,0.39125,10375000.0,DEF,True
192009,4,2018-06-30,2022-07-01,0.3335,0.0,MID,True
381967,4,2021-07-19,2023-09-01,0.3085,4375000.0,MID,True
386455,4,2018-07-01,2021-06-30,0.42425,0.0,ATT,True
213260,4,2018-06-30,2019-07-01,0.42175,875000.0,ATT,True
711382,4,2022-07-01,2023-12-31,0.20174999999999998,0.0,ATT,True
242606,4,2018-01-01,2022-07-12,0.29125,750000.0,MID,True
216569,4,2018-07-21,2022-07-01,0.37,8000000.0,ATT,True
257474,4,2018-07-06,2020-06-30,0.2135,0.0,GK,True
164771,4,2019-07-20,2022-08-05,0.463,7487500.0,MID,True
226049,4,2018-05-14,2022-05-31,0.209,0.0,GK,True
656441,4,2020-01-31,2022-09-01,0.37424999999999997,2000000.0,MID,True
364603,4,2018-08-13,2023-07-01,0.22225,1250000.0,ATT,True
258919,4,2018-07-01,2023-08-31,0.47025,4375000.0,GK,True
256267,4,2020-09-15,2022-07-22,0.5235,7255000.0,ATT,True
163639,4,2018-07-12,2021-07-01,0.47225000000000006,1650000.0,DEF,True
257732,4,2019-07-01,2020-08-31,0.55,4705000.0,DEF,True
397225,4,2020-09-01,2023-06-30,0.302,0.0,DEF,True
413262,4,2018-07-01,2022-07-01,0.21525,0.0,ATT,True
181778,4,2018-01-30,2022-08-23,0.392,8850000.0,DEF,True
191217,4,2021-08-31,2023-07-18,0.28700000000000003,0.0,DEF,True
405885,4,2018-07-01,2023-07-01,0.369,7000000.0,ATT,True
574671,4,2020-01-01,2022-06-30,0.239,2500000.0,DEF,True
176139,4,2019-07-01,2021-06-30,0.33199999999999996,1925000.0,DEF,True
199248,4,2018-07-01,2019-07-01,0.30974999999999997,10025000.0,MID,True
394300,4,2019-06-30,2023-07-06,0.474,0.0,MID,True
249565,4,2019-01-31,2023-07-01,0.51875,11250000.0,MID,True
195778,4,2020-07-01,2023-07-25,0.48200000000000004,0.0,GK,True
405687,4,2022-06-30,2023-07-14,0.40475,1250000.0,MID,True
711625,4,2022-07-01,2023-07-20,0.4115,0.0,DEF,True
184528,4,2018-08-07,2019-08-08,0.43,1850000.0,DEF,True
239962,4,2019-07-04,2022-06-30,0.16375,2625000.0,DEF,True
575998,4,2019-01-14,2021-07-03,0.3675,6625000.0,DEF,True
182904,4,2018-07-12,2023-09-01,0.45325,8975000.0,DEF,True
724520,4,2022-07-01,2023-09-01,0.39175,1875000.0,ATT,True
250153,4,2020-09-23,2022-07-01,0.4875,325000.0,DEF,True
202591,4,2018-08-28,2021-07-01,0.35375,8750000.0,DEF,True
203043,4,2018-07-31,2021-07-07,0.35925,750000.0,DEF,True
185077,4,2018-07-01,2019-09-02,0.33475,3125000.0,ATT,True
371371,4,2018-07-01,2021-07-01,0.3335,6625000.0,DEF,True
251892,4,2018-07-01,2021-06-30,0.20475,0.0,GK,True
186186,4,2018-07-01,2020-01-24,0.36824999999999997,5062500.0,MID,True
195488,4,2021-02-01,2023-07-01,0.4285,0.0,GK,True
553875,4,2018-08-01,2023-07-01,0.6045,10000000.0,DEF,True
204103,4,2018-08-08,2023-08-12,0.347,5000000.0,ATT,True
559263,4,2021-07-01,2023-12-31,0.292,2350000.0,MID,True
390304,4,2019-06-30,2023-01-13,0.32625,0.0,GK,True
193867,4,2018-08-04,2021-08-11,0.332,375000.0,MID,True
170481,4,2020-09-18,2023-08-26,0.31475000000000003,3175000.0,MID,True
246968,4,2019-07-04,2023-07-06,0.5527500000000001,8350000.0,ATT,True
182712,4,2018-06-30,2023-09-01,0.35150000000000003,10100000.0,DEF,True
388516,4,2020-07-15,2023-07-01,0.4495,1500000.0,GK,True
739769,4,2021-06-30,2023-07-10,0.34500000000000003,500000.0,ATT,True
399543,4,2020-01-09,2023-08-28,0.4455,2750000.0,MID,True
274862,4,2018-08-06,2020-07-01,0.44475,2125000.0,ATT,True
461833,4,2020-09-01,2023-09-01,0.428,0.0,DEF,True
110036,4,2018-07-01,2023-06-30,0.36925,787500.0,DEF,True
342046,4,2018-01-25,2022-01-07,0.21825,0.0,DEF,True
290862,4,2020-10-05,2023-09-01,0.48775,625000.0,MID,True
95641,4,2018-06-30,2019-07-22,0.32625,250000.0,MID,True
290017,4,2022-01-04,2023-06-30,0.31825,5750000.0,DEF,True
102423,4,2018-01-15,2020-01-20,0.4935,2400000.0,DEF,True
289257,4,2019-01-29,2022-07-11,0.353,0.0,MID,True
107775,4,2018-07-01,2021-07-20,0.34175,950000.0,GK,True
459665,4,2020-09-01,2023-06-30,0.29325,0.0,MID,True
108725,4,2022-01-13,2023-07-01,0.365,11750000.0,ATT,True
527698,4,2020-08-12,2023-08-10,0.44625,0.0,MID,True
449151,4,2019-01-30,2023-08-11,0.31825000000000003,100000.0,ATT,True
111508,4,2018-08-17,2022-01-28,0.35550000000000004,750000.0,DEF,True
455181,4,2019-07-02,2023-08-17,0.40299999999999997,3500000.0,ATT,True
116088,4,2019-07-04,2023-07-06,0.4515,1325000.0,ATT,True
118287,4,2018-08-05,2021-06-30,0.22125,3500000.0,ATT,True
118847,4,2019-07-03,2022-07-01,0.4105,2500000.0,DEF,True
284769,4,2020-09-15,2023-07-01,0.37875,1625000.0,GK,True
119211,4,2018-07-01,2022-07-15,0.52625,3000000.0,DEF,True
119296,4,2018-07-01,2020-07-01,0.42925,6250000.0,DEF,True
344596,4,2020-08-27,2023-06-30,0.18325,0.0,DEF,True
94005,4,2021-01-04,2023-07-06,0.34425,0.0,DEF,True
292246,4,2020-07-15,2022-07-01,0.3675,7175000.0,ATT,True
93844,4,2018-07-01,2020-07-15,0.37949999999999995,3250000.0,MID,True
295313,4,2019-08-08,2022-07-01,0.47000000000000003,7262500.0,ATT,True
620322,4,2021-07-01,2023-06-30,0.5389999999999999,7500000.0,DEF,True
328480,4,2019-07-01,2023-07-08,0.5365,1250000.0,MID,True
331726,4,2018-05-31,2021-08-17,0.5535,10250000.0,ATT,True
32113,4,2018-07-04,2023-07-05,0.56525,3425000.0,DEF,True
334526,4,2022-01-31,2023-08-14,0.34775,7837500.0,MID,True
40433,4,2019-08-29,2023-08-26,0.30675,0.0,ATT,True
40633,4,2018-08-01,2020-09-16,0.3175,487500.0,MID,True
495625,4,2021-07-01,2022-07-06,0.34825,250000.0,DEF,True
494880,4,2020-09-21,2022-06-30,0.31525000000000003,960000.0,DEF,True
320271,4,2020-01-01,2023-07-01,0.37675000000000003,0.0,DEF,True
54906,4,2019-09-02,2021-07-01,0.34375,1445000.0,DEF,True
58864,4,2018-01-31,2023-07-21,0.42225,18937500.0,ATT,True
337092,4,2021-01-01,2023-07-01,0.30025,125000.0,DEF,True
624942,4,2021-07-01,2023-07-17,0.3255,0.0,ATT,True
481084,4,2019-08-29,2023-08-29,0.36575,2575000.0,ATT,True
337284,4,2018-05-31,2020-07-31,0.25075,0.0,ATT,True
303219,4,2019-07-01,2023-06-30,0.285,925000.0,DEF,True
473050,4,2021-07-01,2023-07-01,0.33675,6250000.0,ATT,True
626913,4,2021-07-13,2023-07-01,0.389,6600000.0,ATT,True
120629,4,2019-09-02,2022-07-01,0.2965,2325000.0,GK,True
223725,4,2018-06-30,2023-07-30,0.37725,262500.0,MID,True
270541,4,2019-01-31,2023-07-01,0.6465,3750000.0,ATT,True
129674,4,2019-06-30,2021-07-01,0.35750000000000004,875000.0,DEF,True
142031,4,2018-07-01,2023-07-01,0.4315,3650000.0,MID,True
427568,4,2018-05-31,2021-08-20,0.67575,12125000.0,GK,True
429874,4,2021-07-01,2023-07-01,0.43374999999999997,1250000.0,ATT,True
280575,4,2021-06-30,2022-07-27,0.3885,425000.0,MID,True
127189,4,2018-06-30,2023-07-01,0.41725,11500000.0,MID,True
543666,4,2022-06-30,2023-07-13,0.4685,0.0,GK,True
131978,4,2018-01-05,2023-08-09,0.41675,4200000.0,MID,True
423744,4,2020-02-11,2022-09-01,0.34950000000000003,2075000.0,MID,True
273132,4,2022-01-27,2023-08-15,0.33625,10100000.0,DEF,True
351843,4,2018-07-18,2023-07-04,0.2955,125000.0,DEF,True
591193,4,2022-06-30,2023-09-01,0.3895,1875000.0,DEF,True
277179,4,2020-01-31,2023-06-30,0.47,4500000.0,DEF,True
535955,4,2021-07-10,2023-09-01,0.43525,2000000.0,DEF,True
442891,4,2018-01-25,2018-06-30,0.35150000000000003,2750000.0,ATT,True
649020,4,2019-08-22,2023-07-01,0.38825,2837500.0,MID,True
125781,4,2019-07-14,2023-07-01,0.449,35500000.0,ATT,True
534033,4,2019-01-24,2023-07-01,0.43574999999999997,12500000.0,MID,True
353948,4,2020-01-27,2023-07-19,0.40925,6950000.0,MID,True
131075,4,2018-07-11,2023-07-01,0.5705,4000000.0,DEF,True
532937,4,2021-08-16,2023-06-30,0.45275,875000.0,DEF,True
263236,4,2019-08-08,2021-08-06,0.365,2000000.0,DEF,True
232454,3,2019-07-30,2022-06-30,0.3566666666666667,3500000.0,MID,True
256678,3,2019-09-02,2020-09-17,0.24066666666666667,1333333.3333333333,DEF,True
336869,3,2020-10-04,2023-07-17,0.4323333333333334,7000000.0,MID,True
315853,3,2018-06-30,2019-06-30,0.5166666666666667,0.0,DEF,True
234523,3,2019-01-26,2021-01-31,0.414,2166666.6666666665,ATT,True
314678,3,2019-01-06,2023-06-30,0.355,5666666.666666667,ATT,True
315779,3,2019-01-02,2019-06-30,0.3506666666666667,21333333.333333332,ATT,True
624690,3,2021-01-21,2021-06-30,0.602,3000000.0,MID,True
238266,3,2018-07-20,2023-08-02,0.496,9000000.0,DEF,True
275249,3,2019-06-30,2023-08-04,0.35933333333333334,833333.3333333334,MID,True
337333,3,2021-08-31,2023-07-01,0.391,0.0,MID,True
338424,3,2018-06-30,2018-07-12,0.422,6333333.333333333,MID,True
614258,3,2022-07-01,2023-05-31,0.5453333333333333,0.0,DEF,True
307924,3,2022-08-31,2023-08-30,0.355,6000000.0,ATT,True
317057,3,2018-08-09,2021-08-11,0.28099999999999997,500000.0,GK,True
250426,3,2018-01-01,2021-08-10,0.3353333333333333,5900000.0,ATT,True
569866,3,2020-09-10,2023-06-30,0.30066666666666664,0.0,MID,True
357658,3,2020-07-01,2023-10-27,0.37833333333333335,0.0,GK,True
223974,3,2022-09-01,2023-07-01,0.48266666666666663,1666666.6666666667,DEF,True
225122,3,2018-08-27,2023-06-30,0.3333333333333333,24200000.0,ATT,True
225593,3,2018-06-30,2023-08-15,0.22466666666666668,1000000.0,ATT,True
649452,3,2021-07-01,2023-07-21,0.5283333333333333,0.0,DEF,True
332705,3,2019-01-01,2023-08-20,0.48633333333333334,15510000.0,MID,True
325223,3,2019-07-01,2023-08-30,0.5236666666666667,1388333.3333333333,ATT,True
378139,3,2019-07-01,2020-07-20,0.385,0.0,ATT,True
583510,3,2021-07-01,2022-07-26,0.36566666666666664,0.0,DEF,True
226524,3,2019-07-01,2023-08-01,0.441,1000000.0,MID,True
354814,3,2020-01-13,2023-08-10,0.5683333333333334,4200000.0,ATT,True
322305,3,2019-07-01,2023-01-30,0.426,4833333.333333333,MID,True
321247,3,2018-06-30,2021-07-01,0.4653333333333333,13300000.0,MID,True
303254,3,2018-05-31,2021-06-30,0.34299999999999997,0.0,DEF,True
335209,3,2018-06-30,2021-06-30,0.1406666666666667,0.0,DEF,True
374139,3,2018-01-01,2021-07-06,0.48500000000000004,11666666.666666666,DEF,True
319301,3,2021-08-31,2023-05-31,0.34933333333333333,9700000.0,ATT,True
229604,3,2019-08-14,2020-09-04,0.2836666666666667,1666666.6666666667,GK,True
339314,3,2022-01-30,2023-08-02,0.5173333333333333,2333333.3333333335,ATT,True
340329,3,2021-02-01,2021-08-13,0.5046666666666667,9800000.0,MID,True
256448,3,2019-07-17,2020-09-01,0.498,8000000.0,DEF,True
590690,3,2020-08-01,2022-06-30,0.21033333333333334,0.0,DEF,True
245537,3,2020-01-21,2023-08-28,0.264,1500000.0,MID,True
356197,3,2018-06-30,2020-07-20,0.529,0.0,DEF,True
358008,3,2019-07-01,2022-06-30,0.2383333333333333,0.0,MID,True
289446,3,2018-01-11,2023-08-05,0.32466666666666666,14216666.666666666,DEF,True
251897,3,2019-07-01,2023-06-30,0.36000000000000004,0.0,ATT,True
631002,3,2022-07-01,2023-08-10,0.3526666666666667,2333333.3333333335,ATT,True
278359,3,2018-07-08,2019-08-14,0.518,12666666.666666666,ATT,True
579930,3,2019-09-01,2022-08-31,0.5113333333333333,4366666.666666667,ATT,True
249126,3,2022-08-30,2023-07-01,0.34400000000000003,3866666.6666666665,MID,True
249513,3,2018-07-24,2023-09-01,0.5583333333333333,5166666.666666667,DEF,True
339820,3,2020-10-05,2021-07-01,0.24833333333333332,1000000.0,ATT,True
343463,3,2023-01-24,2023-08-03,0.272,3000000.0,ATT,True
600936,3,2022-01-31,2023-06-30,0.17066666666666666,1323333.3333333333,ATT,True
581781,3,2018-07-01,2020-08-18,0.24466666666666667,0.0,MID,True
361575,3,2021-07-01,2023-06-30,0.19699999999999998,833333.3333333334,DEF,True
346546,3,2020-01-29,2023-06-30,0.335,2333333.3333333335,GK,True
595809,3,2021-08-31,2023-08-29,0.5506666666666667,13333333.333333334,ATT,True
283735,3,2021-08-31,2022-07-01,0.5026666666666667,2366666.6666666665,ATT,True
251106,3,2018-08-19,2020-08-12,0.41133333333333333,3000000.0,ATT,True
284595,3,2019-07-09,2023-07-18,0.6429999999999999,1300000.0,DEF,True
364258,3,2018-07-05,2023-08-02,0.5183333333333333,3533333.3333333335,DEF,True
342226,3,2019-06-30,2023-01-18,0.4226666666666667,666666.6666666666,ATT,True
628886,3,2022-07-01,2023-08-12,0.26666666666666666,33333.333333333336,ATT,True
349066,3,2019-06-30,2022-08-26,0.524,30833333.333333332,ATT,True
351955,3,2018-06-30,2022-07-12,0.41133333333333333,93333.33333333333,DEF,True
238993,3,2019-06-30,2023-07-14,0.28733333333333333,666666.6666666666,GK,True
340328,3,2019-08-29,2023-07-31,0.5463333333333333,4600000.0,ATT,True
665390,3,2021-07-01,2023-05-31,0.31233333333333335,0.0,ATT,True
344892,3,2018-06-30,2020-07-01,0.29533333333333334,0.0,ATT,True
576314,3,2020-09-10,2022-05-31,0.2793333333333334,666666.6666666666,DEF,True
240692,3,2019-01-31,2022-01-31,0.6266666666666667,2000000.0,DEF,True
297583,3,2019-07-01,2023-07-11,0.39566666666666667,1933333.3333333333,MID,True
297212,3,2020-10-16,2023-08-10,0.242,4033333.3333333335,DEF,True
297194,3,2018-06-30,2022-06-30,0.41133333333333333,0.0,GK,True
341051,3,2020-01-29,2020-08-11,0.593,4433333.333333333,DEF,True
341092,3,2020-10-05,2022-07-01,0.2986666666666667,14866666.666666666,ATT,True
341227,3,2019-08-30,2021-07-01,0.34500000000000003,0.0,DEF,True
341264,3,2020-09-01,2023-07-01,0.5073333333333333,2333333.3333333335,DEF,True
292808,3,2020-01-30,2022-09-01,0.7983333333333333,6666666.666666667,DEF,True
349599,3,2019-07-03,2022-08-16,0.5806666666666667,11400000.0,DEF,True
255942,3,2019-07-12,2020-09-01,0.505,10833333.333333334,MID,True
253677,3,2019-01-31,2019-07-08,0.5963333333333333,7433333.333333333,DEF,True
342048,3,2019-08-08,2020-09-04,0.38666666666666666,4500000.0,ATT,True
261905,3,2018-07-01,2023-08-22,0.6596666666666667,6333333.333333333,MID,True
502821,3,2022-01-14,2023-08-31,0.4363333333333333,7950000.0,DEF,True
118284,3,2018-11-22,2019-07-01,0.23366666666666666,666666.6666666666,MID,True
128969,3,2021-01-22,2021-07-12,0.12866666666666668,0.0,GK,True
171679,3,2020-08-30,2023-07-20,0.332,5600000.0,DEF,True
174094,3,2021-01-26,2023-06-30,0.23500000000000001,5266666.666666667,MID,True
463620,3,2018-07-01,2022-06-30,0.2353333333333333,6666666.666666667,ATT,True
175449,3,2018-01-26,2022-07-28,0.6753333333333332,1033333.3333333334,MID,True
480763,3,2020-10-04,2021-07-01,0.507,5000000.0,DEF,True
96254,3,2019-01-22,2019-07-07,0.21833333333333335,0.0,GK,True
73926,3,2019-01-14,2019-07-01,0.602,100000.0,DEF,True
181382,3,2021-08-31,2023-07-26,0.35733333333333334,1166666.6666666667,MID,True
182894,3,2019-08-02,2023-06-30,0.22066666666666668,8333333.333333333,DEF,True
480883,3,2020-10-01,2023-09-01,0.383,0.0,ATT,True
73517,3,2018-08-07,2023-08-20,0.49833333333333335,1000000.0,GK,True
128901,3,2022-08-08,2023-07-01,0.258,2900000.0,DEF,True
485963,3,2020-07-01,2023-06-30,0.4416666666666667,0.0,MID,True
99523,3,2018-07-31,2019-07-18,0.083,0.0,GK,True
400546,3,2019-08-29,2021-06-30,0.35799999999999993,0.0,MID,True
830890,3,2021-07-01,2023-06-30,0.447,0.0,DEF,True
399776,3,2018-07-01,2023-07-12,0.5923333333333333,11000000.0,DEF,True
190289,3,2019-07-01,2020-08-24,0.34933333333333333,0.0,ATT,True
560483,3,2021-07-28,2023-06-30,0.32466666666666666,433333.3333333333,MID,True
435338,3,2018-02-14,2020-09-01,0.5963333333333334,8666666.666666666,DEF,True
398073,3,2018-07-11,2020-09-01,0.4533333333333333,14333333.333333334,DEF,True
85906,3,2021-01-22,2022-07-01,0.215,0.0,DEF,True
398065,3,2018-07-01,2023-07-23,0.5276666666666666,14666666.666666666,ATT,True
505653,3,2020-09-05,2023-06-30,0.35300000000000004,13333333.333333334,ATT,True
783396,3,2023-01-18,2023-07-01,0.36033333333333334,833333.3333333334,MID,True
134270,3,2018-08-09,2022-01-31,0.6663333333333333,6183333.333333333,DEF,True
74960,3,2018-01-31,2023-01-01,0.7296666666666667,1333333.3333333333,GK,True
742201,3,2022-07-01,2023-07-21,0.4296666666666667,0.0,ATT,True
146310,3,2019-08-13,2023-08-18,0.6286666666666666,7233333.333333333,MID,True
545647,3,2021-07-01,2023-06-30,0.21966666666666668,0.0,DEF,True
467623,3,2019-01-02,2023-01-25,0.35400000000000004,4066666.6666666665,ATT,True
467992,3,2022-01-30,2022-07-01,0.5056666666666667,3600000.0,MID,True
85177,3,2019-01-04,2020-10-14,0.20733333333333334,0.0,DEF,True
417346,3,2018-07-30,2023-08-14,0.5763333333333334,4266666.666666667,ATT,True
156990,3,2018-01-25,2019-07-01,0.49366666666666664,1166666.6666666667,DEF,True
157507,3,2020-01-31,2023-07-23,0.47333333333333333,2233333.3333333335,MID,True
416386,3,2021-08-31,2023-07-13,0.303,566666.6666666666,MID,True
142021,3,2018-06-30,2023-08-11,0.48233333333333334,5333333.333333333,MID,True
429014,3,2021-01-06,2022-08-19,0.4706666666666666,9833333.333333334,MID,True
469050,3,2021-07-01,2023-07-04,0.621,21716666.666666668,DEF,True
470596,3,2022-07-01,2023-05-31,0.3133333333333333,0.0,MID,True
161011,3,2018-08-20,2022-08-12,0.746,7000000.0,MID,True
466805,3,2021-07-01,2023-06-30,0.39766666666666667,0.0,MID,True
743600,3,2023-01-01,2023-08-25,0.3313333333333333,4166666.6666666665,MID,True
162959,3,2021-01-31,2021-06-30,0.22199999999999998,0.0,DEF,True
163048,3,2020-10-04,2022-06-30,0.16666666666666666,666666.6666666666,GK,True
430280,3,2020-10-05,2023-07-01,0.2966666666666667,0.0,MID,True
412660,3,2022-05-31,2023-09-01,0.25166666666666665,766666.6666666666,ATT,True
412045,3,2020-07-01,2023-06-30,0.225,0.0,MID,True
743091,3,2022-08-08,2023-06-30,0.22833333333333336,1633333.3333333333,MID,True
168157,3,2018-08-09,2022-09-01,0.5083333333333334,9600000.0,MID,True
485583,3,2020-09-19,2023-05-31,0.29433333333333334,3266666.6666666665,DEF,True
192169,3,2018-06-30,2019-07-01,0.22199999999999998,166666.66666666666,DEF,True
805908,3,2023-01-31,2023-07-27,0.6873333333333332,166666.66666666666,DEF,True
217115,3,2019-08-05,2023-09-01,0.5373333333333333,9120000.0,ATT,True
687626,3,2021-02-01,2023-08-14,0.5716666666666667,48066666.666666664,MID,True
199976,3,2018-06-30,2019-06-30,0.3076666666666667,0.0,GK,True
110923,3,2018-07-01,2021-06-30,0.36833333333333335,5433333.333333333,GK,True
494237,3,2019-07-01,2021-06-30,0.30066666666666664,0.0,ATT,True
568835,3,2020-07-17,2022-06-30,0.26766666666666666,0.0,MID,True
457673,3,2018-06-30,2021-08-12,0.5056666666666666,183333.33333333334,ATT,True
496745,3,2021-08-26,2023-08-31,0.4493333333333333,900000.0,DEF,True
202886,3,2018-05-31,2021-05-31,0.441,0.0,MID,True
120205,3,2020-01-01,2022-07-08,0.39233333333333337,50000.0,ATT,True
448628,3,2019-01-29,2023-07-03,0.4736666666666667,3333333.3333333335,DEF,True
386446,3,2018-07-01,2020-08-31,0.385,0.0,DEF,True
568693,3,2021-08-27,2022-06-30,0.387,5633333.333333333,MID,True
14086,3,2020-01-17,2023-07-13,0.45566666666666666,566666.6666666666,DEF,True
111873,3,2018-06-30,2020-09-16,0.5433333333333333,5800000.0,GK,True
113707,3,2018-06-30,2022-07-10,0.296,0.0,MID,True
497291,3,2019-08-30,2023-09-01,0.36799999999999994,5876666.666666667,MID,True
566613,3,2020-09-01,2023-06-30,0.3506666666666667,0.0,MID,True
566615,3,2021-08-30,2023-01-26,0.3593333333333333,833333.3333333334,MID,True
503733,3,2020-01-01,2023-01-29,0.5623333333333334,15200000.0,ATT,True
392768,3,2022-08-30,2023-09-01,0.4033333333333333,1166666.6666666667,ATT,True
216599,3,2020-09-01,2023-06-30,0.27299999999999996,0.0,MID,True
217144,3,2019-07-12,2023-07-06,0.408,0.0,MID,True
196231,3,2018-01-27,2022-01-11,0.549,2766666.6666666665,DEF,True
106872,3,2018-07-01,2022-07-01,0.5156666666666667,0.0,MID,True
193033,3,2019-09-02,2021-07-01,0.22633333333333336,2166666.6666666665,ATT,True
7825,3,2020-01-13,2022-07-08,0.40700000000000003,0.0,GK,True
537127,3,2020-06-30,2022-07-01,0.3373333333333333,0.0,DEF,True
563137,3,2021-07-01,2023-09-01,0.36433333333333334,0.0,ATT,True
195246,3,2019-07-01,2020-07-01,0.231,433333.3333333333,DEF,True
126751,3,2019-09-01,2023-07-01,0.39399999999999996,0.0,MID,True
197929,3,2020-08-31,2022-08-08,0.6333333333333333,850000.0,GK,True
563963,3,2019-07-01,2023-08-01,0.5076666666666666,9000000.0,DEF,True
536482,3,2020-07-03,2023-07-01,0.5786666666666667,2166666.6666666665,MID,True
106987,3,2021-08-30,2023-07-24,0.3236666666666667,11333333.333333334,MID,True
51471,3,2018-08-09,2019-07-01,0.4406666666666667,15000000.0,MID,True
533662,3,2022-05-31,2023-08-27,0.3793333333333333,7183333.333333333,ATT,True
704270,3,2022-01-01,2023-06-30,0.329,0.0,ATT,True
564305,3,2020-01-25,2023-07-10,0.34800000000000003,0.0,MID,True
124555,3,2018-07-01,2020-08-31,0.6166666666666667,1000000.0,DEF,True
392775,3,2019-08-08,2021-06-30,0.25633333333333336,9000000.0,DEF,True
206040,3,2018-07-01,2023-07-25,0.6496666666666666,14800000.0,ATT,True
341278,2,2022-01-27,2023-07-22,0.6655,1000000.0,MID,True
466810,2,2020-09-23,2023-09-01,0.338,0.0,ATT,True
528833,2,2020-09-08,2021-08-05,0.392,1750000.0,MID,True
597659,2,2021-07-01,2023-05-31,0.27,0.0,DEF,True
344381,2,2019-07-18,2023-07-01,0.533,39750000.0,ATT,True
459988,2,2022-07-29,2023-07-01,0.3875,165000.0,ATT,True
522784,2,2022-07-25,2023-07-21,0.6065,9300000.0,ATT,True
528181,2,2020-07-01,2022-06-30,0.274,0.0,GK,True
342405,2,2018-07-05,2022-07-16,0.625,7000000.0,MID,True
603940,2,2022-08-12,2023-08-18,0.516,0.0,DEF,True
343052,2,2019-08-01,2023-06-30,0.23299999999999998,40000000.0,ATT,True
462348,2,2022-07-21,2023-07-01,0.5665,2875000.0,ATT,True
525299,2,2022-07-01,2022-08-05,0.5725,5500000.0,DEF,True
524010,2,2021-02-01,2023-07-01,0.4635,0.0,MID,True
604207,2,2022-06-30,2023-06-30,0.3175,0.0,GK,True
466794,2,2021-07-01,2023-09-01,0.685,0.0,DEF,True
524000,2,2020-08-01,2021-06-30,0.544,0.0,DEF,True
344069,2,2021-07-31,2023-09-01,0.702,8250000.0,MID,True
605268,2,2021-08-30,2023-06-30,0.3315,920000.0,ATT,True
455661,2,2020-07-01,2023-06-30,0.5505,0.0,ATT,True
465967,2,2019-07-01,2023-07-09,0.7070000000000001,900000.0,MID,True
341501,2,2018-01-01,2023-05-31,0.411,0.0,MID,True
467434,2,2022-06-30,2023-06-30,0.575,0.0,MID,True
569383,2,2022-08-16,2023-01-31,0.36450000000000005,0.0,DEF,True
467437,2,2021-07-01,2023-06-30,0.35750000000000004,0.0,MID,True
334835,2,2018-08-08,2021-08-25,0.5765,5450000.0,MID,True
616631,2,2021-07-27,2022-06-30,0.3845,0.0,DEF,True
486031,2,2018-07-10,2021-07-01,0.743,19315000.0,ATT,True
335721,2,2020-07-31,2021-07-30,0.8095,29250000.0,DEF,True
487465,2,2019-07-01,2019-08-02,0.4565,14450000.0,ATT,True
487843,2,2022-07-07,2023-09-01,0.5325,0.0,ATT,True
487969,2,2020-06-30,2022-07-01,0.8879999999999999,0.0,ATT,True
335147,2,2018-07-01,2022-07-19,0.4135,1000000.0,DEF,True
488362,2,2020-09-17,2022-07-01,0.622,0.0,MID,True
488626,2,2021-07-01,2023-06-30,0.5525,0.0,DEF,True
490384,2,2022-07-09,2023-08-11,0.6445000000000001,0.0,DEF,True
503881,2,2021-07-01,2023-06-30,0.448,4000000.0,MID,True
485960,2,2020-10-05,2021-07-01,0.6775,875000.0,DEF,True
334221,2,2019-01-28,2022-07-01,0.5345,25000.0,DEF,True
503770,2,2022-08-03,2023-08-30,0.6565,15000000.0,ATT,True
333241,2,2018-06-30,2019-07-23,0.648,21750000.0,MID,True
333175,2,2022-06-30,2022-09-01,0.349,0.0,GK,True
333014,2,2020-01-30,2023-08-09,0.588,19450000.0,MID,True
503680,2,2022-05-31,2022-07-10,0.46599999999999997,10000000.0,DEF,True
501418,2,2019-07-01,2023-07-01,0.49549999999999994,0.0,DEF,True
503482,2,2022-07-27,2023-07-18,0.6905,34500000.0,DEF,True
331505,2,2020-11-01,2022-07-30,0.434,0.0,DEF,True
502676,2,2021-07-01,2022-01-01,0.7675000000000001,1925000.0,GK,True
504849,2,2021-08-10,2022-06-30,0.5185,1500000.0,ATT,True
485706,2,2021-08-05,2022-08-09,0.63,26720000.0,MID,True
521407,2,2023-08-20,2023-08-21,0.3405,1500000.0,ATT,True
475410,2,2020-09-23,2022-06-30,0.20900000000000002,690000.0,MID,True
468066,2,2022-01-10,2023-08-10,0.4575,10750000.0,MID,True
607854,2,2022-01-30,2022-07-06,0.49649999999999994,14700000.0,MID,True
520624,2,2020-01-30,2022-01-30,0.6779999999999999,31050000.0,MID,True
518505,2,2022-07-01,2023-07-13,0.46950000000000003,2000000.0,ATT,True
473169,2,2021-07-01,2022-06-30,0.30600000000000005,0.0,ATT,True
340325,2,2019-07-01,2022-06-30,0.4,0.0,ATT,True
340322,2,2023-05-31,2023-08-27,0.3705,11650000.0,ATT,True
340177,2,2020-07-01,2022-06-30,0.4605,350000.0,DEF,True
516716,2,2018-07-10,2022-07-20,0.6114999999999999,28550000.0,DEF,True
515624,2,2022-07-01,2023-06-30,0.3245,0.0,DEF,True
531949,2,2020-07-10,2022-09-01,0.54,5200000.0,ATT,True
483348,2,2022-07-19,2023-06-30,0.2355,7350000.0,DEF,True
513245,2,2021-07-11,2023-08-29,0.5469999999999999,18500000.0,ATT,True
513031,2,2019-06-30,2020-07-21,0.35150000000000003,0.0,MID,True
478573,2,2022-07-01,2023-09-01,0.42900000000000005,29250000.0,MID,True
509022,2,2022-01-31,2022-06-30,0.6605,4500000.0,DEF,True
615350,2,2022-08-23,2023-07-01,0.442,2500000.0,DEF,True
616344,2,2022-01-30,2023-07-05,0.439,4400000.0,ATT,True
506248,2,2019-07-13,2022-08-08,0.52,4250000.0,MID,True
506189,2,2022-07-07,2023-08-21,0.4235,5325000.0,MID,True
481834,2,2022-07-01,2023-06-30,0.356,2000000.0,DEF,True
483046,2,2021-08-01,2023-08-20,0.595,0.0,DEF,True
475411,2,2020-10-02,2022-08-31,0.3925,57700000.0,DEF,True
538079,2,2022-07-01,2023-06-30,0.2845,0.0,GK,True
451906,2,2021-07-01,2022-07-01,0.152,650000.0,DEF,True
367284,2,2022-01-05,2022-07-18,0.353,2750000.0,DEF,True
396638,2,2022-07-25,2023-07-11,0.271,0.0,ATT,True
366930,2,2019-08-12,2021-06-30,0.212,0.0,DEF,True
578391,2,2020-10-04,2021-07-09,0.5155000000000001,5550000.0,DEF,True
578392,2,2020-07-01,2023-06-30,0.549,0.0,ATT,True
397033,2,2021-06-30,2023-07-03,0.2665,30400000.0,MID,True
397171,2,2021-08-03,2022-08-13,0.4385,0.0,DEF,True
397676,2,2021-01-01,2023-08-18,0.5315,650000.0,GK,True
364409,2,2021-01-09,2021-05-31,0.399,0.0,DEF,True
398184,2,2018-01-01,2022-01-01,0.5635,27500000.0,ATT,True
361914,2,2018-07-01,2022-07-01,0.64,18300000.0,DEF,True
557459,2,2021-08-31,2023-08-08,0.5125,24250000.0,DEF,True
557149,2,2019-01-30,2021-08-30,0.466,0.0,MID,True
557057,2,2021-07-01,2022-06-30,0.27449999999999997,0.0,ATT,True
404418,2,2018-07-01,2021-06-30,0.319,1900000.0,DEF,True
361254,2,2020-01-14,2021-08-20,0.6665,8000000.0,ATT,True
361093,2,2020-07-31,2022-07-01,0.78,22500000.0,DEF,True
405686,2,2023-07-01,2023-07-21,0.448,950000.0,MID,True
361065,2,2021-07-12,2023-07-07,0.3375,7900000.0,MID,True
358504,2,2020-09-05,2022-07-05,0.6935,5200000.0,ATT,True
581678,2,2020-07-23,2023-07-01,0.718,78575000.0,MID,True
406640,2,2021-07-21,2023-07-03,0.4355,15000000.0,MID,True
406806,2,2022-01-31,2022-07-01,0.377,1925000.0,MID,True
552472,2,2020-09-21,2022-07-02,0.4345,645000.0,MID,True
393323,2,2022-07-01,2023-07-09,0.4605,16420000.0,MID,True
392959,2,2020-09-01,2022-07-01,0.4115,5500000.0,MID,True
410425,2,2018-07-17,2022-07-01,0.5265,23000000.0,MID,True
368482,2,2018-01-31,2019-07-01,0.6639999999999999,7500000.0,ATT,True
378710,2,2018-07-24,2022-07-01,0.6154999999999999,48600000.0,ATT,True
384859,2,2019-07-01,2022-09-22,0.643,3500000.0,DEF,True
386047,2,2020-08-07,2023-08-04,0.6599999999999999,29000000.0,DEF,True
377393,2,2021-07-13,2022-07-23,0.5715,3100000.0,MID,True
377219,2,2023-01-31,2023-08-29,0.21650000000000003,500000.0,MID,True
388165,2,2018-01-22,2021-08-10,0.552,6000000.0,ATT,True
376514,2,2019-01-25,2022-07-01,0.5860000000000001,8250000.0,DEF,True
374954,2,2021-08-30,2022-07-01,0.509,1750000.0,MID,True
371149,2,2018-07-05,2023-07-01,0.7135,2750000.0,DEF,True
392085,2,2018-07-02,2023-08-18,0.5405,3375000.0,ATT,True
392516,2,2019-07-25,2020-08-31,0.33499999999999996,0.0,DEF,True
392538,2,2020-09-23,2021-08-27,0.5495,0.0,MID,True
370846,2,2019-07-01,2023-07-01,0.4315,11250000.0,MID,True
392569,2,2020-09-08,2021-07-01,0.5325,1600000.0,DEF,True
370789,2,2018-07-31,2023-01-17,0.533,2575000.0,DEF,True
564529,2,2023-01-20,2023-08-30,0.5175000000000001,7000000.0,DEF,True
369684,2,2022-07-01,2023-07-14,0.4795,6500000.0,DEF,True
369674,2,2021-01-04,2023-08-12,0.6275,13100000.0,DEF,True
369267,2,2022-08-29,2023-07-01,0.579,1750000.0,DEF,True
329145,2,2019-07-01,2022-07-01,0.552,23000000.0,DEF,True
368891,2,2021-08-26,2022-07-01,0.476,3375000.0,DEF,True
368887,2,2022-07-06,2023-07-14,0.7775000000000001,27695000.0,ATT,True
392956,2,2021-08-31,2022-07-01,0.28099999999999997,1375000.0,DEF,True
410225,2,2019-08-08,2023-07-24,0.491,21500000.0,ATT,True
411295,2,2020-10-05,2022-07-13,0.6455,38300000.0,ATT,True
451276,2,2021-01-01,2023-07-02,0.6234999999999999,53000000.0,MID,True
539134,2,2022-07-29,2023-07-10,0.4065,0.0,MID,True
585982,2,2020-09-01,2023-08-15,0.5315,2100000.0,DEF,True
538977,2,2021-02-01,2023-01-14,0.41550000000000004,20625000.0,ATT,True
538971,2,2021-07-01,2023-01-31,0.3335,8050000.0,MID,True
379869,2,2020-07-01,2022-07-01,0.318,0.0,GK,True
434990,2,2022-07-01,2023-09-01,0.442,0.0,ATT,True
435228,2,2020-09-14,2021-08-09,0.48850000000000005,2100000.0,DEF,True
348601,2,2019-08-12,2022-06-30,0.4905,1550000.0,ATT,True
435492,2,2021-08-31,2022-07-09,0.1725,0.0,ATT,True
438001,2,2019-08-19,2023-08-31,0.433,6000000.0,DEF,True
347253,2,2020-01-20,2020-07-01,0.399,2430000.0,ATT,True
346853,2,2019-01-03,2020-07-31,0.438,500000.0,MID,True
536508,2,2023-01-30,2023-08-31,0.233,0.0,MID,True
443710,2,2021-07-01,2023-08-25,0.7995,2750000.0,MID,True
591949,2,2020-09-24,2022-07-09,0.5155,7975000.0,DEF,True
346314,2,2020-08-18,2021-07-01,0.669,0.0,DEF,True
533568,2,2022-01-12,2023-08-20,0.2525,500000.0,DEF,True
533295,2,2021-08-10,2022-07-01,0.643,2850000.0,ATT,True
448705,2,2019-07-01,2021-07-01,0.39749999999999996,50000.0,GK,True
344888,2,2018-06-30,2020-10-05,0.5369999999999999,5000000.0,ATT,True
449796,2,2019-01-31,2023-07-01,0.524,0.0,DEF,True
344605,2,2021-07-02,2023-09-01,0.518,10000000.0,MID,True
450050,2,2019-07-02,2023-09-01,0.5994999999999999,8500000.0,MID,True
596153,2,2022-01-05,2023-06-30,0.43199999999999994,0.0,ATT,True
538996,2,2020-07-01,2022-08-17,0.3785,8000000.0,DEF,True
432090,2,2021-01-01,2022-06-30,0.4505,0.0,MID,True
411975,2,2019-07-03,2022-07-28,0.6895,42500000.0,DEF,True
353366,2,2019-07-01,2023-08-30,0.685,33700000.0,DEF,True
583199,2,2022-08-04,2023-09-01,0.47050000000000003,0.0,MID,True
357796,2,2019-07-19,2022-07-15,0.6955,5750000.0,DEF,True
413039,2,2018-07-01,2019-08-05,0.39849999999999997,3250000.0,ATT,True
413112,2,2020-01-29,2022-07-01,0.7755000000000001,49000000.0,MID,True
357498,2,2018-07-01,2022-01-28,0.5765,44300000.0,ATT,True
413605,2,2021-08-12,2022-07-28,0.5255000000000001,1250000.0,ATT,True
415383,2,2020-07-31,2021-06-30,0.196,0.0,GK,True
357162,2,2020-09-25,2021-08-31,0.236,0.0,MID,True
416380,2,2020-07-01,2023-06-30,0.339,1000000.0,ATT,True
357156,2,2022-07-16,2023-07-01,0.726,3500000.0,DEF,True
356141,2,2019-06-30,2023-08-04,0.6164999999999999,0.0,MID,True
548111,2,2020-08-01,2022-06-30,0.501,0.0,ATT,True
547985,2,2020-09-22,2023-07-14,0.446,5225000.0,DEF,True
355627,2,2020-09-19,2021-07-07,0.359,2350000.0,DEF,True
421873,2,2023-07-24,2023-07-24,0.47050000000000003,1100000.0,GK,True
354909,2,2021-07-18,2023-08-24,0.497,500000.0,DEF,True
424042,2,2020-09-15,2022-07-28,0.6815,10000000.0,DEF,True
585959,2,2020-10-05,2021-08-31,0.6094999999999999,0.0,ATT,True
541231,2,2022-08-30,2023-07-13,0.613,0.0,DEF,True
540941,2,2020-09-01,2022-08-10,0.4475,10875000.0,MID,True
353892,2,2021-07-04,2022-07-01,0.7505,200000.0,DEF,True
353404,2,2018-01-20,2021-07-01,0.3085,0.0,ATT,True
353399,2,2018-06-30,2021-08-31,0.3715,750000.0,ATT,True
392770,2,2020-08-09,2021-06-30,0.425,0.0,MID,True
364857,2,2022-07-01,2023-07-01,0.5395,650000.0,DEF,True
328784,2,2020-08-29,2023-07-06,0.6065,6500000.0,DEF,True
691316,2,2020-09-25,2023-12-31,0.53,4000000.0,MID,True
196813,2,2019-06-30,2021-01-30,0.275,0.0,GK,True
328770,2,2022-07-01,2023-12-31,0.321,250000.0,GK,True
703245,2,2022-07-01,2023-06-30,0.3815,0.0,MID,True
701819,2,2022-07-16,2023-06-30,0.3975,2815000.0,DEF,True
199527,2,2019-05-31,2020-07-31,0.3445,0.0,ATT,True
203746,2,2019-08-06,2023-09-01,0.507,5750000.0,DEF,True
205938,2,2018-07-25,2020-09-01,0.611,7250000.0,MID,True
193098,2,2019-08-21,2023-01-11,0.4775,11600000.0,DEF,True
689637,2,2023-07-01,2023-07-27,0.5575,0.0,DEF,True
688707,2,2021-07-12,2022-07-01,0.7415,2500000.0,MID,True
208172,2,2022-07-25,2023-08-29,0.5985,3300000.0,DEF,True
212723,2,2019-07-01,2023-08-04,0.4895,12000000.0,MID,True
213670,2,2018-07-05,2020-08-04,0.6265000000000001,2750000.0,MID,True
215649,2,2020-09-01,2022-06-30,0.1225,3500000.0,ATT,True
196095,2,2018-07-01,2021-08-22,0.47850000000000004,8500000.0,ATT,True
709726,2,2021-07-01,2023-06-30,0.425,0.0,ATT,True
257376,2,2019-07-14,2022-07-11,0.7230000000000001,2120000.0,DEF,True
177847,2,2022-08-31,2023-06-30,0.17149999999999999,0.0,ATT,True
161869,2,2019-08-07,2020-07-31,0.46599999999999997,0.0,DEF,True
163744,2,2022-09-01,2023-05-31,0.2525,0.0,DEF,True
165467,2,2018-08-31,2019-01-31,0.5295,450000.0,GK,True
735571,2,2021-08-20,2023-05-31,0.435,4000000.0,ATT,True
175446,2,2018-07-26,2019-01-31,0.7015,10500000.0,DEF,True
175639,2,2020-07-01,2022-07-20,0.75,3750000.0,DEF,True
730581,2,2023-01-01,2023-07-01,0.6719999999999999,6000000.0,DEF,True
192492,2,2018-06-30,2020-08-12,0.3265,0.0,DEF,True
729814,2,2021-06-30,2022-06-30,0.34199999999999997,0.0,ATT,True
182201,2,2020-01-20,2021-06-30,0.078,5250000.0,ATT,True
182916,2,2019-08-03,2021-07-01,0.3865,4000000.0,ATT,True
720038,2,2022-07-01,2023-07-18,0.366,3000000.0,MID,True
716276,2,2021-07-01,2023-12-31,0.345,2600000.0,DEF,True
192279,2,2018-08-08,2023-08-14,0.6685,40000000.0,GK,True
676042,2,2022-07-01,2023-06-30,0.485,0.0,DEF,True
215977,2,2018-07-01,2023-01-12,0.569,1950000.0,MID,True
671594,2,2022-07-01,2023-09-01,0.512,0.0,MID,True
247915,2,2020-08-15,2023-01-19,0.58,7500000.0,GK,True
242359,2,2018-07-11,2021-07-02,0.815,12250000.0,GK,True
242631,2,2019-08-08,2023-09-01,0.558,28050000.0,ATT,True
661053,2,2021-05-31,2023-06-30,0.531,0.0,DEF,True
245056,2,2018-06-30,2023-01-31,0.5065,4900000.0,MID,True
245744,2,2018-07-01,2021-07-01,0.4545,0.0,ATT,True
246291,2,2020-09-24,2023-01-31,0.515,10000000.0,DEF,True
659543,2,2023-01-02,2023-08-25,0.4405,0.0,ATT,True
221311,2,2022-01-31,2022-07-01,0.3815,50000.0,ATT,True
251075,2,2018-07-07,2022-07-05,0.658,4950000.0,DEF,True
251299,2,2018-07-01,2023-07-01,0.5625,0.0,GK,True
251302,2,2018-07-01,2021-07-08,0.633,3500000.0,MID,True
659516,2,2022-07-28,2023-06-30,0.4665,0.0,MID,True
251845,2,2023-06-30,2023-08-20,0.2475,125000.0,ATT,True
659459,2,2021-07-01,2022-08-04,0.389,9000000.0,MID,True
241076,2,2018-06-30,2023-07-21,0.507,1000000.0,MID,True
240414,2,2018-07-05,2019-07-01,0.498,13000000.0,GK,True
663581,2,2022-07-08,2023-08-09,0.758,6250000.0,MID,True
238868,2,2019-07-04,2022-07-01,0.48150000000000004,4000000.0,DEF,True
237662,2,2019-07-01,2022-07-15,0.558,11750000.0,ATT,True
237658,2,2022-01-25,2022-07-01,0.4815,1500000.0,MID,True
237499,2,2019-07-12,2022-07-05,0.3135,0.0,DEF,True
234781,2,2021-08-29,2022-08-05,0.34099999999999997,17850000.0,ATT,True
232271,2,2018-07-20,2019-06-30,0.3225,0.0,MID,True
668183,2,2022-07-01,2023-06-30,0.1945,0.0,ATT,True
229006,2,2020-07-01,2023-07-11,0.7625,6500000.0,ATT,True
668276,2,2021-07-01,2023-06-30,0.249,0.0,DEF,True
228444,2,2021-08-31,2023-01-31,0.3505,250000.0,DEF,True
668951,2,2022-07-01,2023-08-28,0.6595,0.0,ATT,True
225020,2,2018-08-29,2023-09-01,0.2935,10750000.0,ATT,True
223979,2,2019-07-01,2022-07-01,0.577,12000000.0,MID,True
670858,2,2023-07-01,2023-08-22,0.4425,0.0,DEF,True
160938,2,2018-07-01,2022-01-25,0.4995,250000.0,DEF,True
160241,2,2019-01-01,2019-06-30,0.301,0.0,DEF,True
159088,2,2019-07-01,2021-08-16,0.823,4825000.0,MID,True
852727,2,2022-07-01,2023-06-30,0.399,0.0,ATT,True
75489,2,2019-07-01,2023-08-31,0.4995,11875000.0,ATT,True
84085,2,2022-10-21,2023-09-06,0.17099999999999999,0.0,DEF,True
84435,2,2020-01-12,2020-06-30,0.32499999999999996,0.0,DEF,True
85288,2,2022-08-07,2023-07-26,0.4995,0.0,MID,True
85393,2,2021-10-20,2022-07-02,0.1835,0.0,MID,True
855015,2,2022-07-01,2023-08-30,0.6815,5000000.0,MID,True
88680,2,2019-01-30,2021-07-17,0.3705,400000.0,DEF,True
108354,2,2018-08-09,2019-07-25,0.5495,1400000.0,ATT,True
88682,2,2020-10-05,2021-06-30,0.2915,0.0,DEF,True
844637,2,2022-07-01,2023-08-09,0.531,3875000.0,DEF,True
93936,2,2021-07-01,2023-08-13,0.479,0.0,ATT,True
95810,2,2019-07-17,2022-01-07,0.666,18000000.0,DEF,True
99331,2,2018-07-13,2021-08-13,0.52,21300000.0,DEF,True
99397,2,2023-05-31,2023-07-29,0.155,200000.0,GK,True
74869,2,2018-01-11,2020-08-12,0.5215000000000001,10550000.0,MID,True
917375,2,2022-01-31,2022-06-30,0.21050000000000002,150000.0,DEF,True
72476,2,2018-07-01,2022-08-02,0.823,14300000.0,GK,True
69633,2,2020-01-28,2022-01-31,0.2465,13500000.0,MID,True
67556,2,2018-08-09,2022-07-01,0.355,325000.0,ATT,True
67063,2,2019-08-07,2020-10-18,0.3185,0.0,ATT,True
66100,2,2022-09-01,2023-07-19,0.46299999999999997,4450000.0,MID,True
65278,2,2020-09-01,2021-08-19,0.4425,0.0,ATT,True
64399,2,2018-07-01,2023-09-01,0.5894999999999999,0.0,GK,True
52570,2,2020-05-31,2022-07-01,0.376,0.0,GK,True
45672,2,2018-08-31,2019-08-07,0.6555,3500000.0,GK,True
45026,2,2018-07-01,2021-07-13,0.8275,14900000.0,GK,True
973085,2,2022-07-01,2023-08-29,0.53,13500000.0,MID,True
42205,2,2023-01-19,2023-08-07,0.459,7950000.0,GK,True
982267,2,2022-07-01,2023-07-01,0.5449999999999999,2000000.0,MID,True
35047,2,2018-08-06,2022-07-06,0.743,10000000.0,MID,True
12282,2,2023-01-05,2023-07-07,0.4085,0.0,DEF,True
99922,2,2018-01-30,2023-07-24,0.5165,5250000.0,DEF,True
110864,2,2018-07-03,2022-07-01,0.43,3675000.0,GK,True
746891,2,2022-10-01,2023-07-01,0.395,3750000.0,MID,True
139304,2,2023-01-05,2023-07-01,0.36050000000000004,225000.0,DEF,True
127573,2,2018-07-01,2023-08-23,0.457,500000.0,DEF,True
131758,2,2019-07-11,2022-07-01,0.47450000000000003,3125000.0,GK,True
131996,2,2020-09-19,2023-01-31,0.406,9200000.0,ATT,True
776890,2,2022-07-01,2023-07-01,0.698,18500000.0,ATT,True
766583,2,2023-01-01,2023-06-30,0.634,0.0,DEF,True
136514,2,2018-01-22,2022-07-01,0.3855,400000.0,DEF,True
142310,2,2018-07-01,2022-09-01,0.615,7300000.0,DEF,True
822458,2,2021-07-01,2023-01-27,0.351,3700000.0,ATT,True
143559,2,2021-08-21,2022-09-01,0.2365,250000.0,DEF,True
144028,2,2019-07-01,2023-01-20,0.5455,19780000.0,ATT,True
748382,2,2023-01-30,2023-08-31,0.26349999999999996,5500000.0,ATT,True
147051,2,2022-06-30,2022-07-13,0.4195,0.0,GK,True
148252,2,2022-08-14,2023-09-01,0.5425,4150000.0,MID,True
148367,2,2018-07-19,2019-07-01,0.36550000000000005,3500000.0,MID,True
787232,2,2023-01-01,2023-07-11,0.341,6000000.0,ATT,True
127188,2,2020-06-30,2020-07-01,0.28700000000000003,250000.0,GK,True
127142,2,2022-07-01,2023-07-19,0.2885,0.0,MID,True
127076,2,2018-08-06,2023-01-12,0.618,2500000.0,DEF,True
794349,2,2022-11-15,2023-09-01,0.305,1150000.0,DEF,True
126664,2,2018-08-01,2022-01-13,0.7070000000000001,25100000.0,DEF,True
126557,2,2018-07-14,2019-08-20,0.4815,200000.0,DEF,True
125714,2,2018-07-01,2023-07-01,0.5715,7500000.0,GK,True
125103,2,2018-07-01,2021-08-25,0.3505,3125000.0,ATT,True
124715,2,2018-06-30,2021-08-31,0.443,0.0,DEF,True
798925,2,2021-07-01,2022-06-30,0.176,0.0,DEF,True
807165,2,2022-07-01,2023-09-01,0.5375,0.0,DEF,True
810411,2,2022-07-01,2023-06-30,0.304,0.0,ATT,True
118997,2,2018-07-23,2022-07-02,0.618,600000.0,GK,True
118689,2,2018-06-30,2019-07-01,0.4375,14750000.0,DEF,True
111961,2,2020-01-29,2020-07-21,0.5455,10850000.0,MID,True
111051,2,2018-06-30,2023-09-04,0.5435,0.0,MID,True
658536,2,2022-07-01,2023-06-30,0.56,4000000.0,ATT,True
295630,2,2021-01-19,2021-07-01,0.378,3750000.0,DEF,True
294057,2,2018-07-01,2023-07-01,0.7404999999999999,35650000.0,MID,True
324278,2,2019-01-15,2023-07-01,0.5720000000000001,12750000.0,MID,True
281989,2,2020-08-04,2022-07-25,0.4615,5000000.0,MID,True
287635,2,2019-01-29,2023-08-10,0.1555,250000.0,MID,True
279455,2,2019-08-06,2021-07-24,0.376,7000000.0,ATT,True
622380,2,2022-08-19,2023-05-31,0.3735,7430000.0,MID,True
277384,2,2018-08-20,2019-07-01,0.6105,750000.0,DEF,True
644032,2,2020-07-01,2021-06-30,0.2975,0.0,MID,True
301238,2,2020-09-01,2022-07-01,0.529,3000000.0,GK,True
288318,2,2020-01-23,2022-08-24,0.4285,5500000.0,ATT,True
309110,2,2018-07-01,2022-07-06,0.786,7000000.0,MID,True
276111,2,2018-06-30,2020-08-17,0.201,0.0,DEF,True
300168,2,2018-07-04,2019-06-30,0.44999999999999996,0.0,MID,True
324690,2,2018-07-02,2022-01-03,0.757,10200000.0,ATT,True
324795,2,2022-08-26,2023-07-01,0.606,1500000.0,MID,True
645774,2,2021-01-01,2023-07-01,0.6679999999999999,0.0,ATT,True
288429,2,2019-07-01,2020-06-30,0.373,400000.0,DEF,True
298583,2,2022-01-25,2023-08-26,0.513,400000.0,DEF,True
284732,2,2019-08-14,2023-07-01,0.5305,4000000.0,DEF,True
319859,2,2018-08-08,2019-07-10,0.3685,4400000.0,MID,True
626724,2,2020-01-01,2023-07-01,0.4535,22850000.0,ATT,True
311044,2,2019-01-28,2023-07-17,0.442,0.0,DEF,True
283628,2,2020-01-29,2020-07-27,0.899,8100000.0,MID,True
623570,2,2021-07-01,2023-08-01,0.4935,8500000.0,ATT,True
284010,2,2021-08-09,2023-07-01,0.47050000000000003,1150000.0,ATT,True
283170,2,2022-01-30,2022-06-30,0.2885,0.0,GK,True
314288,2,2019-08-03,2021-07-16,0.503,4000000.0,ATT,True
625047,2,2022-07-01,2023-06-30,0.505,0.0,MID,True
284430,2,2018-07-01,2023-07-24,0.326,200000.0,GK,True
316934,2,2022-08-29,2023-07-02,0.363,1250000.0,MID,True
282349,2,2020-07-31,2022-06-30,0.34,0.0,DEF,True
282672,2,2018-07-01,2019-06-30,0.27649999999999997,0.0,ATT,True
625202,2,2020-09-26,2021-07-01,0.29100000000000004,5250000.0,DEF,True
318204,2,2021-07-01,2022-07-31,0.6265000000000001,13000000.0,DEF,True
318523,2,2019-07-16,2021-07-02,0.5835,7000000.0,DEF,True
318528,2,2019-07-22,2023-07-01,0.8200000000000001,4500000.0,ATT,True
319745,2,2019-07-25,2021-06-30,0.3225,0.0,MID,True
309400,2,2020-09-04,2023-07-01,0.62,87500000.0,ATT,True
272622,2,2018-07-01,2022-08-10,0.7665,21400000.0,DEF,True
276896,2,2022-01-29,2022-06-30,0.469,250000.0,DEF,True
289255,2,2018-07-01,2023-08-11,0.569,750000.0,DEF,True
296422,2,2019-01-10,2023-09-01,0.38349999999999995,5500000.0,DEF,True
657430,2,2021-07-01,2023-08-10,0.5409999999999999,4125000.0,MID,True
628451,2,2022-07-06,2023-08-18,0.508,42180000.0,MID,True
261504,2,2021-01-18,2021-07-23,0.34299999999999997,0.0,MID,True
262226,2,2020-09-03,2023-08-29,0.6735,16950000.0,DEF,True
292534,2,2021-01-07,2021-07-01,0.22599999999999998,300000.0,DEF,True
628498,2,2022-07-01,2023-06-30,0.399,0.0,ATT,True
327251,2,2018-07-01,2020-10-01,0.773,5000000.0,DEF,True
327126,2,2020-07-31,2021-06-30,0.225,0.0,ATT,True
326416,2,2019-01-01,2019-07-01,0.2545,0.0,DEF,True
291200,2,2018-07-07,2022-07-06,0.6759999999999999,9900000.0,DEF,True
262749,2,2019-07-06,2023-08-15,0.609,1675000.0,GK,True
627228,2,2020-09-25,2022-07-25,0.3785,0.0,MID,True
262980,2,2018-08-07,2023-07-01,0.712,15250000.0,MID,True
283994,2,2018-07-01,2023-01-24,0.5509999999999999,4000000.0,ATT,True
268670,2,2021-08-31,2023-07-27,0.5765,0.0,MID,True
289592,2,2019-06-30,2022-07-31,0.515,6500000.0,MID,True
326031,2,2019-07-18,2022-07-19,0.6315,76250000.0,DEF,True
271455,2,2019-01-12,2023-09-01,0.37250000000000005,1050000.0,DEF,True
764859,1,2022-07-01,2022-07-01,0.188,5500000.0,ATT,True
531065,1,2023-07-20,2023-07-20,0.464,2290000.0,MID,True
786436,1,2022-01-29,2022-01-29,0.836,1500000.0,DEF,True
537598,1,2022-07-01,2022-07-01,0.341,35000000.0,MID,True
816580,1,2023-07-05,2023-07-05,0.745,6500000.0,DEF,True
766412,1,2022-07-01,2022-07-01,0.611,0.0,MID,True
503075,1,2022-08-27,2022-08-27,0.78,4600000.0,DEF,True
818448,1,2023-06-30,2023-06-30,0.399,0.0,DEF,True
537860,1,2023-01-15,2023-01-15,0.462,70000000.0,ATT,True
820957,1,2022-07-01,2022-07-01,0.435,0.0,ATT,True
822331,1,2023-01-01,2023-01-01,0.399,0.0,DEF,True
527966,1,2023-08-26,2023-08-26,0.491,5500000.0,DEF,True
538964,1,2022-07-01,2022-07-01,0.745,2500000.0,ATT,True
607226,1,2023-08-31,2023-08-31,0.706,3000000.0,ATT,True
540333,1,2023-09-01,2023-09-01,0.701,0.0,MID,True
787912,1,2023-07-18,2023-07-18,0.347,15000000.0,DEF,True
787151,1,2023-07-01,2023-07-01,0.406,0.0,DEF,True
823231,1,2023-01-19,2023-01-19,0.543,22500000.0,ATT,True
763182,1,2021-07-01,2021-07-01,0.499,0.0,ATT,True
625014,1,2022-07-01,2022-07-01,0.349,0.0,GK,True
540664,1,2023-08-08,2023-08-08,0.719,10000000.0,ATT,True
823486,1,2023-07-01,2023-07-01,0.701,0.0,DEF,True
607034,1,2023-08-07,2023-08-07,0.708,4500000.0,ATT,True
834742,1,2023-07-01,2023-07-01,0.399,0.0,ATT,True
763079,1,2023-07-24,2023-07-24,0.518,450000.0,DEF,True
539232,1,2023-07-01,2023-07-01,0.294,0.0,MID,True
532776,1,2021-08-26,2021-08-26,0.669,7500000.0,ATT,True
608832,1,2022-08-17,2022-08-17,0.408,2900000.0,MID,True
526845,1,2021-07-01,2021-07-01,0.499,0.0,GK,True
610083,1,2020-08-01,2020-08-01,0.748,0.0,MID,True
627442,1,2023-07-01,2023-07-01,0.619,31650000.0,ATT,True
785353,1,2022-07-01,2022-07-01,0.554,0.0,MID,True
794758,1,2023-01-02,2023-01-02,0.537,600000.0,DEF,True
625657,1,2023-07-01,2023-07-01,0.3,0.0,GK,True
610442,1,2022-08-27,2022-08-27,0.668,21000000.0,ATT,True
533738,1,2020-08-11,2020-08-11,0.81,27000000.0,ATT,True
798043,1,2022-07-01,2022-07-01,0.403,0.0,DEF,True
775605,1,2023-01-23,2023-01-23,0.627,0.0,MID,True
625651,1,2023-07-01,2023-07-01,0.365,0.0,MID,True
611793,1,2023-06-30,2023-06-30,0.375,0.0,DEF,True
538998,1,2021-08-10,2021-08-10,0.394,0.0,DEF,True
801734,1,2022-07-26,2022-07-26,0.464,20000000.0,ATT,True
806793,1,2023-06-30,2023-06-30,0.399,0.0,DEF,True
807128,1,2023-08-09,2023-08-09,0.447,3000000.0,DEF,True
612826,1,2019-08-13,2019-08-13,0.499,8000000.0,ATT,True
807689,1,2023-07-21,2023-07-21,0.595,2000000.0,ATT,True
625660,1,2023-07-01,2023-07-01,0.331,0.0,MID,True
792380,1,2023-11-01,2023-11-01,0.637,0.0,MID,True
810895,1,2023-01-01,2023-01-01,0.461,0.0,ATT,True
811778,1,2023-09-01,2023-09-01,0.457,0.0,DEF,True
607223,1,2020-01-01,2020-01-01,0.597,0.0,MID,True
789082,1,2022-01-01,2022-01-01,0.806,11000000.0,DEF,True
532826,1,2023-09-01,2023-09-01,0.789,0.0,ATT,True
815078,1,2023-07-01,2023-07-01,0.566,0.0,DEF,True
613393,1,2023-07-20,2023-07-20,0.56,0.0,MID,True
583255,1,2023-01-27,2023-01-27,0.706,10250000.0,ATT,True
624258,1,2023-07-01,2023-07-01,0.51,0.0,DEF,True
616369,1,2019-07-01,2019-07-01,0.397,0.0,ATT,True
955070,1,2023-08-31,2023-08-31,0.657,0.0,ATT,True
504209,1,2021-08-09,2021-08-09,0.611,6000000.0,MID,True
951579,1,2022-08-31,2022-08-31,0.592,1000000.0,DEF,True
947360,1,2023-11-01,2023-11-01,0.456,2000000.0,DEF,True
943795,1,2023-07-01,2023-07-01,0.368,1200000.0,ATT,True
931838,1,2023-07-01,2023-07-01,0.707,9000000.0,MID,True
927768,1,2023-07-25,2023-07-25,0.521,0.0,DEF,True
505194,1,2023-08-31,2023-08-31,0.315,0.0,DEF,True
926952,1,2023-07-01,2023-07-01,0.628,220000.0,DEF,True
505219,1,2022-09-01,2022-09-01,0.509,10400000.0,MID,True
621193,1,2023-07-01,2023-07-01,0.398,0.0,MID,True
621802,1,2023-08-31,2023-08-31,0.472,4000000.0,DEF,True
618472,1,2023-08-11,2023-08-11,0.721,30000000.0,DEF,True
618341,1,2022-07-12,2022-07-12,0.412,6000000.0,DEF,True
923831,1,2022-07-01,2022-07-01,0.512,0.0,DEF,True
918969,1,2023-07-01,2023-07-01,0.731,0.0,MID,True
621993,1,2023-09-01,2023-09-01,0.467,12850000.0,DEF,True
955357,1,2023-07-01,2023-07-01,0.557,0.0,ATT,True
620598,1,2023-01-13,2023-01-13,0.553,5000000.0,DEF,True
504153,1,2021-01-01,2021-01-01,0.811,1800000.0,DEF,True
620164,1,2023-07-01,2023-07-01,0.298,0.0,ATT,True
620295,1,2022-07-12,2022-07-12,0.381,0.0,GK,True
1011200,1,2023-08-08,2023-08-08,0.532,10000000.0,MID,True
1005649,1,2023-08-31,2023-08-31,0.808,12000000.0,DEF,True
1005240,1,2023-07-01,2023-07-01,0.562,0.0,DEF,True
1004344,1,2023-07-01,2023-07-01,0.319,0.0,DEF,True
997861,1,2023-08-29,2023-08-29,0.399,1600000.0,GK,True
983989,1,2023-01-01,2023-01-01,0.564,6000000.0,MID,True
503871,1,2022-01-30,2022-01-30,0.38,4400000.0,MID,True
618813,1,2023-07-01,2023-07-01,0.399,0.0,ATT,True
982393,1,2023-12-01,2023-12-01,0.504,0.0,DEF,True
503977,1,2023-09-01,2023-09-01,0.25,0.0,DEF,True
977464,1,2023-07-01,2023-07-01,0.28,7000000.0,DEF,True
962555,1,2023-07-15,2023-07-15,0.581,20000000.0,DEF,True
503981,1,2023-08-08,2023-08-08,0.498,37200000.0,DEF,True
503987,1,2023-01-20,2023-01-20,0.509,35000000.0,ATT,True
503991,1,2020-08-01,2020-08-01,0.499,0.0,MID,True
917778,1,2023-01-01,2023-01-01,0.399,0.0,ATT,True
507345,1,2023-08-22,2023-08-22,0.433,0.0,DEF,True
507486,1,2020-10-04,2020-10-04,0.496,6400000.0,MID,True
523318,1,2023-08-28,2023-08-28,0.317,12000000.0,ATT,True
520840,1,2022-07-01,2022-07-01,0.72,0.0,DEF,True
855134,1,2023-07-05,2023-07-05,0.361,4000000.0,MID,True
848509,1,2023-08-31,2023-08-31,0.651,0.0,DEF,True
522223,1,2022-07-01,2022-07-01,0.356,0.0,MID,True
617060,1,2023-08-11,2023-08-11,0.864,1900000.0,DEF,True
627626,1,2022-09-01,2022-09-01,0.528,4500000.0,ATT,True
617059,1,2023-07-01,2023-07-01,0.399,0.0,GK,True
842338,1,2022-07-01,2022-07-01,0.559,0.0,DEF,True
855256,1,2023-08-10,2023-08-10,0.398,23000000.0,MID,True
524285,1,2021-08-06,2021-08-06,0.619,2000000.0,DEF,True
834764,1,2023-07-01,2023-07-01,0.765,0.0,MID,True
524290,1,2022-01-04,2022-01-04,0.29,0.0,ATT,True
525155,1,2021-07-05,2021-07-05,0.35,0.0,GK,True
834752,1,2023-07-01,2023-07-01,0.526,0.0,MID,True
525578,1,2021-07-28,2021-07-28,0.658,1000000.0,MID,True
623521,1,2022-08-26,2022-08-26,0.458,0.0,ATT,True
623024,1,2022-01-01,2022-01-01,0.544,0.0,DEF,True
520530,1,2022-01-26,2022-01-26,0.486,2500000.0,DEF,True
911328,1,2023-08-14,2023-08-14,0.477,3000000.0,MID,True
517753,1,2019-07-01,2019-07-01,0.331,0.0,MID,True
510396,1,2019-07-01,2019-07-01,0.431,0.0,DEF,True
910905,1,2023-07-01,2023-07-01,0.4,0.0,DEF,True
905011,1,2023-07-01,2023-07-01,0.399,0.0,MID,True
901019,1,2023-07-01,2023-07-01,0.628,600000.0,MID,True
622988,1,2023-07-01,2023-07-01,0.702,0.0,ATT,True
892221,1,2023-07-01,2023-07-01,0.504,0.0,MID,True
890290,1,2023-11-07,2023-11-07,0.399,0.0,DEF,True
876631,1,2022-07-01,2022-07-01,0.637,0.0,MID,True
617081,1,2023-07-01,2023-07-01,0.79,0.0,ATT,True
876298,1,2023-08-17,2023-08-17,0.688,5900000.0,MID,True
517842,1,2019-07-01,2019-07-01,0.395,0.0,DEF,True
867137,1,2022-07-01,2022-07-01,0.399,0.0,DEF,True
864121,1,2023-08-31,2023-08-31,0.397,0.0,ATT,True
861981,1,2023-01-02,2023-01-02,0.396,3000000.0,DEF,True
861410,1,2023-07-06,2023-07-06,0.449,28000000.0,MID,True
518644,1,2020-08-24,2020-08-24,0.499,0.0,ATT,True
845654,1,2023-11-07,2023-11-07,0.751,0.0,ATT,True
746712,1,2023-07-01,2023-07-01,0.405,0.0,DEF,True
750878,1,2023-07-01,2023-07-01,0.399,0.0,GK,True
585973,1,2022-07-01,2022-07-01,0.613,4250000.0,MID,True
636703,1,2023-07-01,2023-07-01,0.61,0.0,MID,True
639712,1,2023-01-11,2023-01-11,0.683,500000.0,DEF,True
568698,1,2023-07-04,2023-07-04,0.285,400000.0,ATT,True
640428,1,2021-08-31,2021-08-31,0.516,31000000.0,MID,True
569031,1,2023-01-18,2023-01-18,0.565,0.0,MID,True
569140,1,2019-07-01,2019-07-01,0.398,0.0,ATT,True
641537,1,2021-07-01,2021-07-01,0.502,0.0,MID,True
670882,1,2022-07-01,2022-07-01,0.485,0.0,ATT,True
569387,1,2021-07-29,2021-07-29,0.499,300000.0,DEF,True
588426,1,2021-07-01,2021-07-01,0.499,0.0,DEF,True
586853,1,2023-01-31,2023-01-31,0.375,32000000.0,ATT,True
670847,1,2022-07-01,2022-07-01,0.269,13000000.0,ATT,True
670096,1,2021-07-15,2021-07-15,0.562,3640000.0,MID,True
668606,1,2023-01-27,2023-01-27,0.399,0.0,ATT,True
668547,1,2023-08-23,2023-08-23,0.473,0.0,MID,True
569389,1,2020-06-30,2020-06-30,0.797,0.0,ATT,True
569457,1,2023-07-01,2023-07-01,0.331,2500000.0,MID,True
678406,1,2021-07-01,2021-07-01,0.499,0.0,DEF,True
683840,1,2020-07-31,2020-07-31,0.854,0.0,MID,True
684315,1,2023-08-09,2023-08-09,0.414,1000000.0,DEF,True
636093,1,2023-01-01,2023-01-01,0.626,0.0,DEF,True
566574,1,2019-07-01,2019-07-01,0.464,0.0,MID,True
692737,1,2023-07-01,2023-07-01,0.404,0.0,MID,True
691482,1,2022-07-01,2022-07-01,0.519,0.0,MID,True
634431,1,2022-08-07,2022-08-07,0.412,0.0,MID,True
690799,1,2023-09-01,2023-09-01,0.415,0.0,DEF,True
566723,1,2021-07-08,2021-07-08,0.581,9300000.0,ATT,True
566799,1,2023-07-20,2023-07-20,0.648,17300000.0,GK,True
591916,1,2022-07-01,2022-07-01,0.524,0.0,DEF,True
568333,1,2021-07-01,2021-07-01,0.539,0.0,DEF,True
566931,1,2023-07-19,2023-07-19,0.801,0.0,MID,True
567129,1,2022-07-13,2022-07-13,0.578,3400000.0,DEF,True
567576,1,2022-07-01,2022-07-01,0.457,0.0,MID,True
686965,1,2022-08-20,2022-08-20,0.45,3500000.0,DEF,True
636688,1,2022-07-01,2022-07-01,0.761,0.0,DEF,True
568158,1,2020-08-04,2020-08-04,0.532,0.0,DEF,True
568177,1,2023-09-01,2023-09-01,0.782,47000000.0,MID,True
644401,1,2022-07-12,2022-07-12,0.296,19000000.0,MID,True
569598,1,2020-01-29,2020-01-29,0.911,15000000.0,MID,True
694507,1,2021-06-30,2021-06-30,0.052,0.0,ATT,True
644771,1,2021-07-22,2021-07-22,0.716,23000000.0,DEF,True
652275,1,2023-07-17,2023-07-17,0.508,15000000.0,MID,True
655006,1,2023-09-01,2023-09-01,0.434,0.0,MID,True
585323,1,2023-01-05,2023-01-05,0.873,0.0,GK,True
660867,1,2022-07-01,2022-07-01,0.481,11600000.0,MID,True
580195,1,2020-07-01,2020-07-01,0.641,0.0,MID,True
580560,1,2022-07-01,2022-07-01,0.573,0.0,DEF,True
659813,1,2021-08-16,2021-08-16,0.782,6350000.0,DEF,True
584769,1,2022-07-28,2022-07-28,0.632,17000000.0,ATT,True
659542,1,2023-08-20,2023-08-20,0.457,30000000.0,ATT,True
659520,1,2023-07-01,2023-07-01,0.413,0.0,MID,True
581357,1,2020-08-05,2020-08-05,0.499,0.0,MID,True
581672,1,2022-12-19,2022-12-19,0.516,0.0,MID,True
656681,1,2023-07-22,2023-07-22,0.653,22600000.0,ATT,True
583404,1,2023-08-22,2023-08-22,0.433,0.0,DEF,True
583046,1,2022-07-01,2022-07-01,0.399,0.0,MID,True
658269,1,2023-08-16,2023-08-16,0.337,0.0,MID,True
659089,1,2023-01-31,2023-01-31,0.859,33000000.0,DEF,True
661171,1,2023-07-01,2023-07-01,0.884,13650000.0,DEF,True
662242,1,2023-07-17,2023-07-17,0.273,1500000.0,MID,True
649026,1,2023-07-20,2023-07-20,0.337,500000.0,DEF,True
574201,1,2023-07-01,2023-07-01,0.227,0.0,ATT,True
571020,1,2020-08-04,2020-08-04,0.625,0.0,MID,True
571607,1,2022-07-01,2022-07-01,0.575,0.0,MID,True
571743,1,2022-07-01,2022-07-01,0.332,0.0,ATT,True
668179,1,2023-08-12,2023-08-12,0.399,1000000.0,MID,True
572265,1,2023-07-07,2023-07-07,0.779,0.0,ATT,True
668167,1,2021-01-01,2021-01-01,0.499,0.0,DEF,True
667967,1,2022-07-01,2022-07-01,0.399,0.0,MID,True
667287,1,2023-01-30,2023-01-30,0.269,4000000.0,MID,True
648195,1,2023-01-31,2023-01-31,0.626,121000000.0,MID,True
646402,1,2023-01-15,2023-01-15,0.436,7000000.0,DEF,True
646750,1,2023-01-01,2023-01-01,0.849,0.0,DEF,True
666547,1,2022-07-01,2022-07-01,0.399,0.0,ATT,True
648020,1,2022-07-01,2022-07-01,0.635,2000000.0,DEF,True
585700,1,2023-07-01,2023-07-01,0.4,0.0,ATT,True
662261,1,2023-07-28,2023-07-28,0.756,0.0,DEF,True
648046,1,2022-07-01,2022-07-01,0.538,0.0,ATT,True
565822,1,2021-07-01,2021-07-01,0.531,0.0,MID,True
696164,1,2023-06-30,2023-06-30,0.515,0.0,DEF,True
541555,1,2023-07-07,2023-07-07,0.399,2600000.0,DEF,True
632349,1,2023-07-01,2023-07-01,0.573,0.0,DEF,True
552057,1,2022-07-01,2022-07-01,0.424,13000000.0,ATT,True
743591,1,2023-07-13,2023-07-13,0.837,0.0,ATT,True
601883,1,2022-08-18,2022-08-18,0.69,47400000.0,DEF,True
743500,1,2022-01-01,2022-01-01,0.299,0.0,DEF,True
552425,1,2019-07-01,2019-07-01,0.673,0.0,MID,True
743498,1,2023-08-12,2023-08-12,0.703,12000000.0,ATT,True
743496,1,2022-07-01,2022-07-01,0.25,0.0,MID,True
742521,1,2023-09-01,2023-09-01,0.453,6000000.0,MID,True
741238,1,2023-07-01,2023-07-01,0.399,0.0,MID,True
735570,1,2023-01-30,2023-01-30,0.769,18700000.0,MID,True
735568,1,2023-08-07,2023-08-07,0.474,9500000.0,DEF,True
733576,1,2021-07-01,2021-07-01,0.499,0.0,ATT,True
631007,1,2022-07-01,2022-07-01,0.519,0.0,DEF,True
631693,1,2022-07-01,2022-07-01,0.25,0.0,GK,True
555143,1,2023-08-19,2023-08-19,0.459,13000000.0,MID,True
731491,1,2023-01-24,2023-01-24,0.235,0.0,DEF,True
730861,1,2023-07-20,2023-07-20,0.644,20470000.0,DEF,True
551505,1,2023-07-01,2023-07-01,0.666,0.0,ATT,True
744728,1,2023-09-01,2023-09-01,0.468,0.0,MID,True
550108,1,2021-07-01,2021-07-01,0.616,0.0,MID,True
546213,1,2020-06-30,2020-06-30,0.737,0.0,DEF,True
543387,1,2022-07-11,2022-07-11,0.788,22600000.0,MID,True
543499,1,2023-08-27,2023-08-27,0.651,43000000.0,ATT,True
628366,1,2023-08-14,2023-08-14,0.567,19700000.0,ATT,True
748319,1,2023-01-11,2023-01-11,0.347,13650000.0,MID,True
545332,1,2023-07-01,2023-07-01,0.29,2700000.0,ATT,True
545538,1,2022-08-04,2022-08-04,0.638,2000000.0,ATT,True
606718,1,2022-01-04,2022-01-04,0.643,0.0,DEF,True
546926,1,2023-07-01,2023-07-01,0.399,0.0,DEF,True
630995,1,2021-07-01,2021-07-01,0.628,0.0,ATT,True
583189,1,2023-07-25,2023-07-25,0.661,22930000.0,ATT,True
746695,1,2023-01-31,2023-01-31,0.209,25000000.0,ATT,True
548188,1,2023-07-01,2023-07-01,0.25,0.0,ATT,True
745461,1,2023-07-25,2023-07-25,0.543,3000000.0,ATT,True
745200,1,2022-07-01,2022-07-01,0.458,0.0,ATT,True
629588,1,2022-08-30,2022-08-30,0.477,8000000.0,ATT,True
745181,1,2022-07-01,2022-07-01,0.411,0.0,MID,True
599419,1,2023-07-01,2023-07-01,0.399,0.0,DEF,True
555500,1,2023-07-01,2023-07-01,0.64,0.0,DEF,True
565093,1,2023-07-03,2023-07-03,0.662,20000000.0,GK,True
555820,1,2023-09-01,2023-09-01,0.555,3000000.0,MID,True
710677,1,2023-07-01,2023-07-01,0.671,0.0,MID,True
709969,1,2023-07-03,2023-07-03,0.62,0.0,ATT,True
561613,1,2021-07-01,2021-07-01,0.505,0.0,GK,True
562049,1,2021-07-01,2021-07-01,0.508,0.0,MID,True
562742,1,2022-07-01,2022-07-01,0.41,0.0,GK,True
709187,1,2021-07-01,2021-07-01,0.693,0.0,ATT,True
707230,1,2023-07-01,2023-07-01,0.396,0.0,MID,True
706138,1,2023-06-30,2023-06-30,0.398,0.0,ATT,True
633668,1,2023-08-20,2023-08-20,0.527,5370000.0,MID,True
634131,1,2022-07-01,2022-07-01,0.695,0.0,MID,True
593482,1,2023-01-29,2023-01-29,0.398,8000000.0,MID,True
592975,1,2021-08-30,2021-08-30,0.313,1670000.0,DEF,True
701757,1,2023-07-01,2023-07-01,0.399,0.0,ATT,True
698259,1,2023-09-01,2023-09-01,0.706,5000000.0,DEF,True
696589,1,2023-05-31,2023-05-31,0.409,0.0,MID,True
564545,1,2020-01-31,2020-01-31,0.932,20200000.0,DEF,True
564785,1,2022-07-12,2022-07-12,0.484,10150000.0,MID,True
710679,1,2023-07-01,2023-07-01,0.39,0.0,ATT,True
596122,1,2022-08-31,2022-08-31,0.339,1800000.0,DEF,True
711517,1,2022-01-28,2022-01-28,0.47,6680000.0,MID,True
557613,1,2021-07-01,2021-07-01,0.781,0.0,DEF,True
596446,1,2022-05-31,2022-05-31,0.286,0.0,DEF,True
724106,1,2023-08-08,2023-08-08,0.456,4550000.0,MID,True
724104,1,2023-07-01,2023-07-01,0.388,2000000.0,DEF,True
632831,1,2023-06-30,2023-06-30,0.399,0.0,DEF,True
557147,1,2023-01-31,2023-01-31,0.225,2800000.0,MID,True
718034,1,2022-07-01,2022-07-01,0.399,0.0,ATT,True
557612,1,2022-07-25,2022-07-25,0.46,11500000.0,ATT,True
717411,1,2023-07-01,2023-07-01,0.498,0.0,MID,True
711544,1,2023-08-15,2023-08-15,0.746,1000000.0,DEF,True
717118,1,2022-07-01,2022-07-01,0.401,1500000.0,DEF,True
559328,1,2023-07-22,2023-07-22,0.661,13000000.0,ATT,True
559979,1,2022-07-01,2022-07-01,0.399,0.0,DEF,True
633530,1,2023-07-01,2023-07-01,0.377,0.0,DEF,True
713644,1,2022-07-01,2022-07-01,0.399,0.0,ATT,True
711999,1,2023-08-01,2023-08-01,0.435,27000000.0,MID,True
711976,1,2023-07-02,2023-07-02,0.504,14000000.0,MID,True
705813,1,2022-07-01,2022-07-01,0.522,0.0,DEF,True
3333,1,2023-07-01,2023-07-01,0.316,0.0,MID,True
502670,1,2022-07-01,2022-07-01,0.77,13300000.0,ATT,True
227961,1,2018-07-01,2018-07-01,0.856,0.0,ATT,True
207917,1,2019-07-09,2019-07-09,0.425,0.0,DEF,True
212804,1,2019-07-24,2019-07-24,0.35,0.0,MID,True
212847,1,2019-08-03,2019-08-03,0.749,22220000.0,DEF,True
212862,1,2019-07-01,2019-07-01,0.828,0.0,GK,True
215876,1,2018-07-01,2018-07-01,0.921,22000000.0,DEF,True
216870,1,2018-07-13,2018-07-13,0.495,0.0,DEF,True
221958,1,2023-09-01,2023-09-01,0.323,0.0,ATT,True
223967,1,2023-07-01,2023-07-01,0.523,0.0,DEF,True
225657,1,2018-07-01,2018-07-01,0.599,2000000.0,DEF,True
226012,1,2018-07-13,2018-07-13,0.986,3000000.0,GK,True
227084,1,2023-07-01,2023-07-01,0.695,0.0,DEF,True
227110,1,2022-06-30,2022-06-30,0.28,0.0,DEF,True
228948,1,2022-08-17,2022-08-17,0.496,12000000.0,DEF,True
206746,1,2020-09-10,2020-09-10,0.553,3200000.0,DEF,True
230784,1,2020-10-05,2020-10-05,0.647,50000000.0,MID,True
232320,1,2019-07-01,2019-07-01,0.464,800000.0,MID,True
234029,1,2022-07-01,2022-07-01,0.478,0.0,MID,True
236966,1,2020-12-17,2020-12-17,0.35,0.0,DEF,True
237164,1,2019-07-01,2019-07-01,0.644,9000000.0,ATT,True
238626,1,2019-07-26,2019-07-26,0.486,500000.0,MID,True
239647,1,2023-07-25,2023-07-25,0.328,4000000.0,ATT,True
239743,1,2021-08-05,2021-08-05,0.857,2300000.0,DEF,True
240675,1,2022-08-03,2022-08-03,0.263,0.0,GK,True
242661,1,2022-07-01,2022-07-01,0.35,0.0,DEF,True
243879,1,2022-07-22,2022-07-22,0.626,3800000.0,MID,True
244940,1,2022-07-01,2022-07-01,0.507,5000000.0,MID,True
207014,1,2021-08-28,2021-08-28,0.463,7000000.0,MID,True
206050,1,2022-07-20,2022-07-20,0.464,0.0,ATT,True
248999,1,2018-01-01,2018-01-01,0.661,2000000.0,ATT,True
196139,1,2021-02-01,2021-02-01,0.187,0.0,ATT,True
190393,1,2022-07-01,2022-07-01,0.462,0.0,MID,True
190685,1,2020-10-05,2020-10-05,0.272,8000000.0,DEF,True
191056,1,2022-07-05,2022-07-05,0.886,5000000.0,GK,True
191422,1,2023-07-01,2023-07-01,0.238,0.0,MID,True
192080,1,2022-07-01,2022-07-01,0.775,11500000.0,GK,True
192557,1,2021-07-05,2021-07-05,0.35,0.0,MID,True
192616,1,2018-06-30,2018-06-30,0.299,0.0,DEF,True
192735,1,2020-01-15,2020-01-15,0.307,24000000.0,MID,True
193004,1,2020-07-28,2020-07-28,0.845,4000000.0,DEF,True
193082,1,2023-07-01,2023-07-01,0.786,0.0,DEF,True
193116,1,2018-08-08,2018-08-08,0.499,3100000.0,MID,True
193859,1,2020-07-30,2020-07-30,0.075,0.0,DEF,True
196793,1,2023-08-14,2023-08-14,0.425,750000.0,DEF,True
205562,1,2018-07-01,2018-07-01,0.543,72000000.0,MID,True
196948,1,2022-07-04,2022-07-04,0.529,0.0,DEF,True
197471,1,2023-07-07,2023-07-07,0.526,0.0,MID,True
197642,1,2018-06-30,2018-06-30,0.286,0.0,ATT,True
197747,1,2022-07-12,2022-07-12,0.66,0.0,DEF,True
199733,1,2018-06-30,2018-06-30,0.433,0.0,MID,True
199953,1,2021-08-10,2021-08-10,0.502,2600000.0,ATT,True
200056,1,2021-07-01,2021-07-01,0.557,0.0,DEF,True
203348,1,2022-07-15,2022-07-15,0.649,0.0,DEF,True
203496,1,2019-07-23,2019-07-23,0.607,19750000.0,MID,True
203938,1,2020-08-07,2020-08-07,0.499,350000.0,MID,True
204047,1,2023-07-01,2023-07-01,0.567,0.0,MID,True
204072,1,2021-07-01,2021-07-01,0.55,0.0,DEF,True
248454,1,2021-07-01,2021-07-01,0.302,0.0,GK,True
249636,1,2022-07-12,2022-07-12,0.399,0.0,DEF,True
188888,1,2019-07-01,2019-07-01,0.489,0.0,ATT,True
291417,1,2019-07-01,2019-07-01,0.596,48000000.0,DEF,True
282660,1,2023-07-01,2023-07-01,0.743,500000.0,DEF,True
283227,1,2021-08-17,2021-08-17,0.499,538000.0,DEF,True
283497,1,2019-07-05,2019-07-05,0.32,750000.0,ATT,True
284730,1,2018-01-15,2018-01-15,0.86,21500000.0,DEF,True
285323,1,2020-09-17,2020-09-17,0.627,10000000.0,MID,True
286384,1,2022-08-24,2022-08-24,0.268,0.0,DEF,True
288225,1,2019-09-02,2019-09-02,0.76,8000000.0,MID,True
288255,1,2022-01-31,2022-01-31,0.083,0.0,MID,True
288340,1,2023-07-12,2023-07-12,0.747,2200000.0,ATT,True
289835,1,2022-07-01,2022-07-01,0.646,4000000.0,MID,True
290249,1,2018-07-01,2018-07-01,0.892,2150000.0,MID,True
290587,1,2023-07-05,2023-07-05,0.56,0.0,MID,True
293194,1,2018-07-01,2018-07-01,0.542,6000000.0,DEF,True
282028,1,2021-07-01,2021-07-01,0.35,0.0,GK,True
293385,1,2020-01-25,2020-01-25,0.771,34200000.0,MID,True
293388,1,2023-07-01,2023-07-01,0.348,0.0,MID,True
297070,1,2023-07-01,2023-07-01,0.495,0.0,DEF,True
298197,1,2020-08-17,2020-08-17,0.336,0.0,GK,True
298477,1,2019-08-02,2019-08-02,0.696,19100000.0,ATT,True
298575,1,2018-01-01,2018-01-01,0.499,0.0,ATT,True
300532,1,2023-07-01,2023-07-01,0.615,0.0,ATT,True
303116,1,2019-06-30,2019-06-30,0.831,0.0,MID,True
305947,1,2022-01-31,2022-01-31,0.419,1500000.0,ATT,True
310527,1,2023-01-12,2023-01-12,0.387,1170000.0,MID,True
312773,1,2023-07-05,2023-07-05,0.251,100000.0,GK,True
314398,1,2021-07-08,2021-07-08,0.587,0.0,MID,True
282411,1,2019-07-01,2019-07-01,0.631,30000000.0,DEF,True
281963,1,2019-07-01,2019-07-01,0.458,80000000.0,DEF,True
249730,1,2019-08-24,2019-08-24,0.541,18000000.0,DEF,True
263918,1,2018-07-27,2018-07-27,0.687,30000000.0,MID,True
249994,1,2021-07-15,2021-07-15,0.963,8000000.0,GK,True
251322,1,2023-07-15,2023-07-15,0.523,8000000.0,GK,True
252677,1,2022-07-01,2022-07-01,0.372,0.0,ATT,True
255838,1,2021-07-31,2021-07-31,0.299,1700000.0,MID,True
257062,1,2018-08-23,2018-08-23,0.55,4500000.0,ATT,True
257455,1,2022-07-04,2022-07-04,0.838,24900000.0,MID,True
258878,1,2020-10-05,2020-10-05,0.499,1650000.0,DEF,True
258889,1,2019-01-04,2019-01-04,0.575,21200000.0,ATT,True
258987,1,2023-08-10,2023-08-10,0.563,5000000.0,DEF,True
262300,1,2023-07-11,2023-07-11,0.307,0.0,DEF,True
262396,1,2018-07-01,2018-07-01,0.591,0.0,GK,True
263727,1,2019-07-01,2019-07-01,0.721,14000000.0,MID,True
264372,1,2023-01-17,2023-01-17,0.604,5000000.0,ATT,True
281769,1,2019-07-18,2019-07-18,0.55,25000000.0,DEF,True
267160,1,2022-07-01,2022-07-01,0.208,6000000.0,ATT,True
268429,1,2022-07-01,2022-07-01,0.742,0.0,MID,True
270171,1,2020-10-03,2020-10-03,0.837,600000.0,MID,True
270393,1,2019-07-29,2019-07-29,0.788,10000000.0,MID,True
272278,1,2021-07-19,2021-07-19,0.713,2500000.0,ATT,True
272642,1,2019-08-02,2019-08-02,0.611,18000000.0,ATT,True
272812,1,2022-08-29,2022-08-29,0.584,1500000.0,DEF,True
273669,1,2022-07-01,2022-07-01,0.399,0.0,MID,True
277033,1,2018-07-01,2018-07-01,0.832,11300000.0,ATT,True
277533,1,2018-01-01,2018-01-01,0.437,0.0,ATT,True
278332,1,2018-06-30,2018-06-30,0.838,0.0,MID,True
278837,1,2019-07-01,2019-07-01,0.565,2000000.0,ATT,True
190284,1,2021-08-18,2021-08-18,0.72,5000000.0,MID,True
188077,1,2021-08-31,2021-08-31,0.392,2900000.0,MID,True
500689,1,2022-07-12,2022-07-12,0.521,0.0,ATT,True
94192,1,2019-07-01,2019-07-01,0.15,0.0,GK,True
80894,1,2018-07-01,2018-07-01,0.85,9000000.0,GK,True
81173,1,2022-07-01,2022-07-01,0.782,0.0,GK,True
81512,1,2023-07-25,2023-07-25,0.376,6500000.0,DEF,True
82442,1,2018-01-31,2018-01-31,0.435,17000000.0,ATT,True
82503,1,2023-07-05,2023-07-05,0.468,0.0,DEF,True
84301,1,2019-07-17,2019-07-17,0.708,7000000.0,MID,True
85295,1,2021-07-14,2021-07-14,0.958,0.0,DEF,True
85528,1,2021-07-20,2021-07-20,0.748,2200000.0,GK,True
86202,1,2022-07-01,2022-07-01,0.549,0.0,DEF,True
86784,1,2020-09-01,2020-09-01,0.472,1950000.0,DEF,True
90317,1,2023-07-01,2023-07-01,0.309,0.0,GK,True
91970,1,2023-07-19,2023-07-19,0.192,0.0,MID,True
94308,1,2021-07-04,2021-07-04,0.375,0.0,GK,True
76467,1,2022-07-28,2022-07-28,0.359,980000.0,DEF,True
94529,1,2021-01-30,2021-01-30,0.466,0.0,ATT,True
100986,1,2020-07-01,2020-07-01,0.508,0.0,DEF,True
103565,1,2022-07-01,2022-07-01,0.436,0.0,ATT,True
105470,1,2018-07-19,2018-07-19,0.919,72500000.0,GK,True
108390,1,2018-08-09,2018-08-09,0.682,35000000.0,GK,True
111038,1,2019-07-01,2019-07-01,0.614,750000.0,DEF,True
111195,1,2020-07-29,2020-07-29,0.684,1000000.0,DEF,True
111196,1,2018-07-01,2018-07-01,0.788,0.0,DEF,True
111455,1,2023-07-06,2023-07-06,0.69,15000000.0,MID,True
112515,1,2022-09-01,2022-09-01,0.325,0.0,DEF,True
118850,1,2022-07-10,2022-07-10,0.593,0.0,DEF,True
119037,1,2022-07-01,2022-07-01,0.719,0.0,ATT,True
80293,1,2021-07-01,2021-07-01,0.482,0.0,DEF,True
76158,1,2022-07-01,2022-07-01,0.374,0.0,GK,True
121985,1,2021-08-18,2021-08-18,0.65,0.0,DEF,True
55769,1,2023-08-02,2023-08-02,0.409,0.0,DEF,True
15452,1,2019-07-04,2019-07-04,0.701,4000000.0,DEF,True
15799,1,2018-08-06,2018-08-06,0.618,0.0,MID,True
27807,1,2021-07-01,2021-07-01,0.353,0.0,GK,True
28396,1,2021-08-14,2021-08-14,0.512,2800000.0,ATT,True
29692,1,2018-07-01,2018-07-01,0.82,8000000.0,GK,True
33571,1,2020-09-17,2020-09-17,0.607,0.0,DEF,True
38253,1,2022-07-19,2022-07-19,0.591,45000000.0,ATT,True
39728,1,2019-07-01,2019-07-01,0.711,30500000.0,DEF,True
40680,1,2021-07-01,2021-07-01,0.438,0.0,GK,True
42412,1,2018-07-01,2018-07-01,0.642,4000000.0,DEF,True
43530,1,2020-07-27,2020-07-27,0.488,0.0,MID,True
48015,1,2018-07-01,2018-07-01,0.791,0.0,GK,True
57500,1,2023-07-06,2023-07-06,0.373,0.0,DEF,True
74842,1,2022-07-01,2022-07-01,0.656,3000000.0,MID,True
58995,1,2021-07-01,2021-07-01,0.387,0.0,DEF,True
59016,1,2021-07-01,2021-07-01,0.737,0.0,DEF,True
59561,1,2020-08-12,2020-08-12,0.731,2250000.0,MID,True
60543,1,2019-07-01,2019-07-01,0.32,0.0,GK,True
61812,1,2018-07-02,2018-07-02,0.832,24750000.0,DEF,True
70411,1,2019-08-06,2019-08-06,0.803,0.0,MID,True
71271,1,2019-08-05,2019-08-05,0.417,0.0,GK,True
73564,1,2018-07-01,2018-07-01,0.35,0.0,GK,True
74230,1,2023-01-17,2023-01-17,0.437,5000000.0,MID,True
74294,1,2019-07-23,2019-07-23,0.47,0.0,MID,True
74683,1,2022-07-01,2022-07-01,0.475,0.0,MID,True
74810,1,2022-07-22,2022-07-22,0.648,0.0,DEF,True
121686,1,2019-08-27,2019-08-27,0.32,0.0,DEF,True
122153,1,2022-07-11,2022-07-11,0.176,0.0,MID,True
187718,1,2023-07-06,2023-07-06,0.558,5000000.0,DEF,True
169880,1,2019-07-01,2019-07-01,0.826,9800000.0,DEF,True
157672,1,2020-10-02,2020-10-02,0.823,6000000.0,DEF,True
159471,1,2018-06-30,2018-06-30,0.789,0.0,ATT,True
160986,1,2019-08-17,2019-08-17,0.35,0.0,DEF,True
162434,1,2022-07-01,2022-07-01,0.567,0.0,DEF,True
164904,1,2022-07-01,2022-07-01,0.886,0.0,GK,True
165513,1,2018-06-30,2018-06-30,0.763,0.0,DEF,True
166601,1,2022-07-01,2022-07-01,0.543,0.0,DEF,True
167721,1,2019-07-01,2019-07-01,0.697,2700000.0,ATT,True
167727,1,2022-08-28,2022-08-28,0.325,0.0,ATT,True
167799,1,2020-08-11,2020-08-11,0.964,16600000.0,MID,True
168989,1,2021-07-09,2021-07-09,0.865,2500000.0,DEF,True
169497,1,2020-08-30,2020-08-30,0.787,3000000.0,DEF,True
170911,1,2020-07-01,2020-07-01,0.485,0.0,GK,True
154147,1,2023-07-01,2023-07-01,0.287,0.0,DEF,True
170986,1,2023-07-01,2023-07-01,0.377,0.0,MID,True
173504,1,2022-07-02,2022-07-02,0.692,0.0,DEF,True
174196,1,2023-01-01,2023-01-01,0.798,0.0,DEF,True
177467,1,2018-07-01,2018-07-01,0.689,20000000.0,ATT,True
177779,1,2022-07-01,2022-07-01,0.672,0.0,MID,True
181378,1,2018-08-16,2018-08-16,0.912,3000000.0,ATT,True
181380,1,2023-06-30,2023-06-30,0.191,0.0,DEF,True
181579,1,2023-08-14,2023-08-14,0.611,34800000.0,MID,True
182875,1,2020-07-01,2020-07-01,0.672,0.0,DEF,True
182913,1,2019-07-01,2019-07-01,0.529,0.0,MID,True
184892,1,2023-01-31,2023-01-31,0.41,0.0,ATT,True
187492,1,2019-07-01,2019-07-01,0.667,25000000.0,MID,True
156618,1,2023-07-27,2023-07-27,0.449,0.0,DEF,True
153084,1,2018-07-01,2018-07-01,0.717,0.0,MID,True
122840,1,2023-07-01,2023-07-01,0.449,0.0,DEF,True
129444,1,2022-07-25,2022-07-25,0.58,0.0,DEF,True
123682,1,2020-09-07,2020-09-07,0.655,22250000.0,ATT,True
124028,1,2022-08-04,2022-08-04,0.45,0.0,DEF,True
124410,1,2021-07-01,2021-07-01,0.882,0.0,MID,True
124419,1,2023-09-01,2023-09-01,0.239,4900000.0,GK,True
124502,1,2022-07-01,2022-07-01,0.725,0.0,DEF,True
124884,1,2021-08-04,2021-08-04,0.82,1000000.0,GK,True
126414,1,2021-07-01,2021-07-01,0.716,0.0,MID,True
126665,1,2022-09-01,2022-09-01,0.542,4000000.0,MID,True
126737,1,2019-07-01,2019-07-01,0.292,8000000.0,ATT,True
127048,1,2022-01-13,2022-01-13,0.079,0.0,ATT,True
127156,1,2019-07-02,2019-07-02,0.574,9500000.0,MID,True
127202,1,2018-07-26,2018-07-26,0.935,4000000.0,GK,True
131225,1,2022-07-23,2022-07-23,0.648,4200000.0,DEF,True
149525,1,2019-06-30,2019-06-30,0.118,0.0,DEF,True
132098,1,2023-08-12,2023-08-12,0.715,95000000.0,ATT,True
133731,1,2018-07-01,2018-07-01,0.499,0.0,DEF,True
135343,1,2018-07-26,2018-07-26,0.792,4000000.0,DEF,True
135492,1,2021-07-01,2021-07-01,0.41,0.0,DEF,True
136111,1,2023-07-05,2023-07-05,0.259,0.0,GK,True
136401,1,2023-01-25,2023-01-25,0.322,57000.0,GK,True
138055,1,2018-07-01,2018-07-01,0.456,0.0,MID,True
139208,1,2018-01-01,2018-01-01,0.989,84650000.0,DEF,True
139435,1,2018-07-01,2018-07-01,0.486,0.0,MID,True
143812,1,2022-08-01,2022-08-01,0.475,0.0,MID,True
144128,1,2021-07-08,2021-07-08,0.65,0.0,GK,True
146509,1,2018-07-28,2018-07-28,0.499,840000.0,DEF,True
314875,1,2020-01-31,2020-01-31,0.871,21300000.0,ATT,True
315145,1,2021-08-31,2021-08-31,0.74,4000000.0,MID,True
316125,1,2020-08-26,2020-08-26,0.677,50200000.0,DEF,True
433188,1,2020-07-01,2020-07-01,0.671,0.0,MID,True
423440,1,2020-09-10,2020-09-10,0.774,0.0,MID,True
423444,1,2018-08-01,2018-08-01,0.72,8000000.0,MID,True
424015,1,2022-01-04,2022-01-04,0.686,14000000.0,DEF,True
424072,1,2022-07-01,2022-07-01,0.395,0.0,ATT,True
424204,1,2019-01-01,2019-01-01,0.864,14000000.0,DEF,True
425334,1,2020-09-03,2020-09-03,0.847,15750000.0,DEF,True
428016,1,2021-08-01,2021-08-01,0.38,0.0,GK,True
428563,1,2022-07-12,2022-07-12,0.739,2000000.0,MID,True
429983,1,2022-09-01,2022-09-01,0.636,15040000.0,ATT,True
431190,1,2022-07-01,2022-07-01,0.267,0.0,MID,True
432671,1,2020-07-31,2020-07-31,0.499,0.0,GK,True
433183,1,2023-09-01,2023-09-01,0.488,0.0,MID,True
433984,1,2023-07-03,2023-07-03,0.772,10880000.0,DEF,True
420064,1,2020-08-27,2020-08-27,0.846,8000000.0,DEF,True
434224,1,2020-08-25,2020-08-25,0.923,5000000.0,DEF,True
434433,1,2023-08-18,2023-08-18,0.74,8150000.0,ATT,True
434551,1,2023-07-22,2023-07-22,0.218,2000000.0,MID,True
434602,1,2023-07-01,2023-07-01,0.25,0.0,DEF,True
434675,1,2023-01-01,2023-01-01,0.466,42000000.0,ATT,True
435772,1,2023-08-16,2023-08-16,0.642,0.0,MID,True
435796,1,2022-07-01,2022-07-01,0.295,2500000.0,DEF,True
439022,1,2022-07-08,2022-07-08,0.22,13000000.0,DEF,True
441515,1,2023-07-13,2023-07-13,0.638,6500000.0,MID,True
441986,1,2023-07-12,2023-07-12,0.531,7200000.0,DEF,True
442248,1,2019-07-02,2019-07-02,0.499,3350000.0,DEF,True
442703,1,2023-08-04,2023-08-04,0.834,1200000.0,MID,True
420243,1,2023-07-14,2023-07-14,0.271,40000000.0,DEF,True
419648,1,2022-09-01,2022-09-01,0.354,4100000.0,ATT,True
445126,1,2020-09-10,2020-09-10,0.499,100000.0,DEF,True
404842,1,2022-01-01,2022-01-01,0.804,23500000.0,DEF,True
394327,1,2022-07-01,2022-07-01,0.582,0.0,MID,True
395695,1,2023-01-16,2023-01-16,0.25,500000.0,MID,True
399434,1,2022-08-01,2022-08-01,0.655,11900000.0,MID,True
400489,1,2019-07-24,2019-07-24,0.567,17700000.0,MID,True
400536,1,2023-07-18,2023-07-18,0.398,9040000.0,GK,True
401320,1,2023-07-01,2023-07-01,0.815,7800000.0,DEF,True
401529,1,2022-07-22,2022-07-22,0.592,15400000.0,DEF,True
401530,1,2019-07-01,2019-07-01,0.422,50000000.0,DEF,True
401578,1,2020-01-01,2020-01-01,0.377,17000000.0,MID,True
401922,1,2018-11-01,2018-11-01,0.754,0.0,ATT,True
402008,1,2019-01-01,2019-01-01,0.439,19000000.0,MID,True
403151,1,2023-08-05,2023-08-05,0.446,23000000.0,GK,True
404950,1,2023-07-01,2023-07-01,0.336,20000000.0,MID,True
418571,1,2023-07-18,2023-07-18,0.57,800000.0,MID,True
405397,1,2023-08-10,2023-08-10,0.522,12000000.0,ATT,True
406625,1,2018-07-04,2018-07-04,0.692,25000000.0,ATT,True
406638,1,2021-05-31,2021-05-31,0.653,0.0,MID,True
407098,1,2022-07-01,2022-07-01,0.588,10000000.0,ATT,True
408471,1,2020-08-17,2020-08-17,0.499,0.0,ATT,True
412363,1,2019-07-01,2019-07-01,0.479,45000000.0,ATT,True
413403,1,2019-07-11,2019-07-11,0.717,13300000.0,DEF,True
413565,1,2022-08-18,2022-08-18,0.707,8000000.0,DEF,True
414908,1,2019-07-01,2019-07-01,0.612,0.0,MID,True
415970,1,2019-05-20,2019-05-20,0.281,0.0,DEF,True
417913,1,2019-07-01,2019-07-01,0.499,0.0,GK,True
418560,1,2020-01-01,2020-01-01,0.887,20000000.0,ATT,True
443331,1,2021-07-01,2021-07-01,0.593,0.0,MID,True
447661,1,2019-07-25,2019-07-25,0.802,16800000.0,MID,True
316575,1,2023-07-01,2023-07-01,0.264,1100000.0,MID,True
484988,1,2021-08-20,2021-08-20,0.35,500000.0,DEF,True
474701,1,2021-07-01,2021-07-01,0.508,0.0,ATT,True
474800,1,2020-07-02,2020-07-02,0.77,3500000.0,DEF,True
475188,1,2021-07-01,2021-07-01,0.807,0.0,MID,True
475959,1,2021-07-01,2021-07-01,0.893,36800000.0,DEF,True
476836,1,2023-09-01,2023-09-01,0.532,4500000.0,MID,True
479999,1,2020-08-28,2020-08-28,0.851,17800000.0,MID,True
480116,1,2019-07-01,2019-07-01,0.332,14800000.0,DEF,True
480267,1,2020-10-05,2020-10-05,0.831,0.0,DEF,True
480692,1,2022-01-30,2022-01-30,0.601,49000000.0,ATT,True
481513,1,2022-08-12,2022-08-12,0.298,600000.0,DEF,True
481675,1,2023-09-01,2023-09-01,0.505,1300000.0,GK,True
484547,1,2021-01-27,2021-01-27,0.836,11000000.0,DEF,True
485585,1,2023-07-01,2023-07-01,0.419,0.0,DEF,True
471055,1,2023-07-03,2023-07-03,0.639,1800000.0,ATT,True
485747,1,2022-07-01,2022-07-01,0.231,0.0,DEF,True
485965,1,2023-01-25,2023-01-25,0.252,500000.0,DEF,True
487469,1,2020-09-10,2020-09-10,0.374,0.0,MID,True
488996,1,2021-07-15,2021-07-15,0.499,0.0,MID,True
490426,1,2021-01-21,2021-01-21,0.35,16700000.0,MID,True
490609,1,2021-07-01,2021-07-01,0.464,0.0,GK,True
493702,1,2023-07-12,2023-07-12,0.352,0.0,DEF,True
495667,1,2022-01-17,2022-01-17,0.111,0.0,MID,True
496094,1,2022-07-01,2022-07-01,0.449,30000000.0,ATT,True
496706,1,2022-07-18,2022-07-18,0.899,1500000.0,DEF,True
496857,1,2022-01-14,2022-01-14,0.653,7000000.0,ATT,True
500067,1,2022-07-13,2022-07-13,0.346,0.0,ATT,True
472423,1,2019-07-01,2019-07-01,0.655,0.0,DEF,True
470607,1,2023-09-01,2023-09-01,0.602,55000000.0,ATT,True
447995,1,2023-09-01,2023-09-01,0.331,9300000.0,ATT,True
462823,1,2023-08-08,2023-08-08,0.521,14400000.0,ATT,True
448258,1,2022-07-09,2022-07-09,0.631,4500000.0,DEF,True
448632,1,2019-07-01,2019-07-01,0.437,0.0,GK,True
451801,1,2022-09-01,2022-09-01,0.336,1500000.0,DEF,True
453016,1,2022-07-01,2022-07-01,0.583,0.0,DEF,True
453376,1,2023-07-22,2023-07-22,0.632,10000000.0,DEF,True
453870,1,2023-07-27,2023-07-27,0.609,2000000.0,ATT,True
454863,1,2022-01-21,2022-01-21,0.637,1000000.0,MID,True
457931,1,2022-07-04,2022-07-04,0.499,0.0,DEF,True
459128,1,2023-07-07,2023-07-07,0.739,6200000.0,MID,True
459151,1,2022-08-04,2022-08-04,0.586,0.0,ATT,True
461019,1,2022-07-07,2022-07-07,0.453,1600000.0,DEF,True
461883,1,2023-07-28,2023-07-28,0.596,22500000.0,DEF,True
463600,1,2022-06-30,2022-06-30,0.82,0.0,GK,True
469781,1,2022-08-08,2022-08-08,0.641,15000000.0,DEF,True
463603,1,2023-01-05,2023-01-05,0.409,38000000.0,DEF,True
463605,1,2022-08-05,2022-08-05,0.787,3000000.0,DEF,True
463665,1,2018-07-01,2018-07-01,0.359,1450000.0,DEF,True
464195,1,2023-01-31,2023-01-31,0.219,2000000.0,ATT,True
465555,1,2023-08-26,2023-08-26,0.685,16000000.0,GK,True
465717,1,2020-09-07,2020-09-07,0.505,3850000.0,DEF,True
466801,1,2023-08-11,2023-08-11,0.482,2000000.0,MID,True
466802,1,2021-07-07,2021-07-07,0.488,0.0,MID,True
467563,1,2022-07-01,2022-07-01,0.625,12000000.0,DEF,True
467632,1,2023-07-07,2023-07-07,0.596,1000000.0,MID,True
468198,1,2022-07-09,2022-07-09,0.373,8200000.0,MID,True
468539,1,2023-08-25,2023-08-25,0.216,5000000.0,GK,True
394033,1,2019-08-06,2019-08-06,0.38,0.0,ATT,True
393512,1,2020-07-01,2020-07-01,0.519,0.0,DEF,True
393238,1,2022-07-01,2022-07-01,0.762,2000000.0,ATT,True
344072,1,2021-07-22,2021-07-22,0.737,3900000.0,DEF,True
340353,1,2023-08-24,2023-08-24,0.675,6000000.0,GK,True
340456,1,2022-07-01,2022-07-01,0.495,0.0,DEF,True
341110,1,2021-07-05,2021-07-05,0.557,5000000.0,ATT,True
341263,1,2023-07-01,2023-07-01,0.287,0.0,DEF,True
341713,1,2021-07-28,2021-07-28,0.151,0.0,GK,True
342039,1,2020-07-01,2020-07-01,0.58,0.0,MID,True
342229,1,2018-06-30,2018-06-30,0.237,0.0,ATT,True
342385,1,2020-01-14,2020-01-14,0.895,4000000.0,MID,True
342877,1,2022-07-29,2022-07-29,0.421,4000000.0,DEF,True
342967,1,2022-07-01,2022-07-01,0.399,1750000.0,ATT,True
343537,1,2023-08-06,2023-08-06,0.745,7750000.0,ATT,True
343959,1,2020-10-05,2020-10-05,0.749,0.0,DEF,True
344152,1,2021-08-31,2021-08-31,0.579,16300000.0,ATT,True
340205,1,2022-07-03,2022-07-03,0.607,0.0,ATT,True
344598,1,2022-09-19,2022-09-19,0.474,0.0,DEF,True
344695,1,2021-07-05,2021-07-05,0.711,42500000.0,DEF,True
345886,1,2019-07-01,2019-07-01,0.911,4000000.0,ATT,True
346289,1,2018-07-01,2018-07-01,0.725,15000000.0,DEF,True
346483,1,2019-07-01,2019-07-01,0.867,0.0,MID,True
346499,1,2023-07-04,2023-07-04,0.181,0.0,MID,True
346707,1,2019-01-01,2019-01-01,0.694,0.0,MID,True
346779,1,2019-07-01,2019-07-01,0.582,16700000.0,ATT,True
348026,1,2018-07-01,2018-07-01,0.649,16000000.0,DEF,True
349701,1,2020-08-20,2020-08-20,0.804,2100000.0,DEF,True
350219,1,2018-07-05,2018-07-05,0.786,30000000.0,MID,True
351809,1,2019-07-01,2019-07-01,0.769,0.0,DEF,True
340324,1,2020-01-02,2020-01-02,0.525,0.0,ATT,True
339816,1,2020-09-16,2020-09-16,0.775,500000.0,ATT,True
392881,1,2022-08-25,2022-08-25,0.398,700000.0,DEF,True
332889,1,2019-09-03,2019-09-03,0.642,13000000.0,MID,True
316884,1,2021-07-06,2021-07-06,0.432,2500000.0,GK,True
321528,1,2021-08-14,2021-08-14,0.741,14250000.0,DEF,True
323167,1,2023-07-26,2023-07-26,0.469,0.0,DEF,True
324223,1,2023-01-26,2023-01-26,0.211,850000.0,DEF,True
324358,1,2020-09-09,2020-09-09,0.98,34000000.0,ATT,True
324811,1,2022-07-01,2022-07-01,0.699,0.0,ATT,True
326029,1,2021-07-27,2021-07-27,0.578,30000000.0,ATT,True
326330,1,2019-07-01,2019-07-01,0.628,86000000.0,MID,True
328658,1,2021-07-21,2021-07-21,0.769,15700000.0,DEF,True
331401,1,2019-07-12,2019-07-12,0.631,15000000.0,DEF,True
331496,1,2019-01-01,2019-01-01,0.499,0.0,ATT,True
332560,1,2021-07-07,2021-07-07,0.572,1800000.0,DEF,True
333903,1,2021-07-01,2021-07-01,0.35,0.0,DEF,True
338670,1,2022-07-01,2022-07-01,0.253,0.0,GK,True
334207,1,2022-07-01,2022-07-01,0.278,3500000.0,DEF,True
334999,1,2022-07-01,2022-07-01,0.363,0.0,MID,True
335103,1,2018-07-01,2018-07-01,0.732,0.0,ATT,True
335993,1,2023-07-01,2023-07-01,0.399,500000.0,DEF,True
336125,1,2020-09-01,2020-09-01,0.568,5200000.0,DEF,True
336367,1,2023-08-07,2023-08-07,0.213,0.0,GK,True
337036,1,2018-08-31,2018-08-31,0.605,1400000.0,ATT,True
338070,1,2020-08-10,2020-08-10,0.367,13000000.0,DEF,True
338285,1,2022-07-20,2022-07-20,0.662,0.0,DEF,True
338425,1,2020-10-02,2020-10-02,0.782,11130000.0,ATT,True
338629,1,2021-07-16,2021-07-16,0.635,14100000.0,DEF,True
338668,1,2023-08-08,2023-08-08,0.67,2500000.0,MID,True
353365,1,2019-07-16,2019-07-16,0.352,3000000.0,DEF,True
354362,1,2022-01-31,2022-01-31,0.651,19000000.0,MID,True
354726,1,2019-07-01,2019-07-01,0.344,1100000.0,ATT,True
388125,1,2023-08-20,2023-08-20,0.35,0.0,MID,True
375885,1,2023-09-01,2023-09-01,0.372,35000000.0,MID,True
380598,1,2023-07-01,2023-07-01,0.502,0.0,MID,True
381753,1,2023-08-31,2023-08-31,0.337,6500000.0,MID,True
381950,1,2023-08-30,2023-08-30,0.497,0.0,MID,True
382478,1,2023-07-01,2023-07-01,0.477,5000000.0,DEF,True
384593,1,2022-08-31,2022-08-31,0.289,0.0,MID,True
385105,1,2023-01-16,2023-01-16,0.691,0.0,DEF,True
385394,1,2022-08-12,2022-08-12,0.399,160000.0,DEF,True
386552,1,2021-07-31,2021-07-31,0.806,0.0,MID,True
387047,1,2022-07-01,2022-07-01,0.762,0.0,DEF,True
387106,1,2023-08-16,2023-08-16,0.596,25000000.0,MID,True
387626,1,2021-08-04,2021-08-04,0.419,32000000.0,ATT,True
388294,1,2023-07-01,2023-07-01,0.804,0.0,DEF,True
357047,1,2023-01-05,2023-01-05,0.298,0.0,GK,True
388363,1,2022-07-01,2022-07-01,0.676,0.0,DEF,True
388513,1,2019-07-01,2019-07-01,0.531,0.0,DEF,True
390688,1,2021-07-01,2021-07-01,0.603,0.0,DEF,True
391004,1,2022-01-31,2022-01-31,0.676,12000000.0,ATT,True
391005,1,2019-08-07,2019-08-07,0.45,60000.0,DEF,True
391720,1,2021-07-23,2021-07-23,0.667,2500000.0,DEF,True
392163,1,2021-07-01,2021-07-01,0.514,0.0,ATT,True
392179,1,2023-01-21,2023-01-21,0.428,2800000.0,DEF,True
392591,1,2023-07-01,2023-07-01,0.69,0.0,ATT,True
392710,1,2022-07-01,2022-07-01,0.399,0.0,MID,True
392757,1,2021-07-18,2021-07-18,0.969,23340000.0,DEF,True
392765,1,2020-08-01,2020-08-01,0.711,0.0,MID,True
375382,1,2022-08-25,2022-08-25,0.772,8000000.0,MID,True
374040,1,2020-10-05,2020-10-05,0.419,0.0,MID,True
372712,1,2018-07-01,2018-07-01,0.889,2000000.0,MID,True
371998,1,2018-07-12,2018-07-12,0.537,45000000.0,ATT,True
357119,1,2021-07-01,2021-07-01,0.495,40000000.0,DEF,True
357164,1,2018-08-08,2018-08-08,0.488,20200000.0,ATT,True
357565,1,2018-07-01,2018-07-01,0.697,20000000.0,MID,True
357662,1,2023-07-15,2023-07-15,0.755,116600000.0,MID,True
357884,1,2019-08-09,2019-08-09,0.407,8000000.0,DEF,True
357885,1,2019-07-01,2019-07-01,0.558,28000000.0,MID,True
358032,1,2023-01-19,2023-01-19,0.61,550000.0,ATT,True
358143,1,2019-08-15,2019-08-15,0.487,0.0,DEF,True
358250,1,2019-07-11,2019-07-11,0.771,8000000.0,DEF,True
360518,1,2021-08-30,2021-08-30,0.762,17900000.0,MID,True
361068,1,2021-08-27,2021-08-27,0.358,3000000.0,MID,True
362086,1,2020-01-23,2020-01-23,0.472,600000.0,ATT,True
362108,1,2021-08-31,2021-08-31,0.688,6000000.0,DEF,True
362977,1,2023-01-22,2023-01-22,0.436,8550000.0,DEF,True
363205,1,2022-07-04,2022-07-04,0.61,52200000.0,ATT,True
7161,1,2023-07-05,2023-07-05,0.53,10000000.0,MID,True
365108,1,2023-08-14,2023-08-14,0.659,16450000.0,ATT,True
367466,1,2019-09-02,2019-09-02,0.526,12000000.0,DEF,True
369081,1,2018-07-01,2018-07-01,0.594,0.0,MID,True
369962,1,2023-08-24,2023-08-24,0.307,14000000.0,ATT,True
370683,1,2023-01-13,2023-01-13,0.55,2500000.0,DEF,True
371021,1,2022-07-22,2022-07-22,0.39,3000000.0,GK,True
371141,1,2022-08-03,2022-08-03,0.383,12000000.0,DEF,True
371436,1,2020-09-09,2020-09-09,0.499,0.0,DEF,True
371851,1,2022-07-14,2022-07-14,0.792,5760000.0,DEF,True
1061282,1,2023-10-03,2023-10-03,0.439,0.0,ATT,True
